[1.932s] [34mcolcon[0m [1;30mDEBUG[0m [32mCommand line arguments: ['/usr/bin/colcon', 'build', '--packages-select', 'control_node'][0m
[1.932s] [34mcolcon[0m [1;30mDEBUG[0m [32mParsed command line arguments: Namespace(log_base=None, log_level=None, verb_name='build', build_base='build', install_base='install', merge_install=False, symlink_install=False, test_result_base=None, continue_on_error=False, executor='parallel', parallel_workers=4, event_handlers=None, ignore_user_meta=False, metas=['./colcon.meta'], base_paths=['.'], packages_ignore=None, packages_ignore_regex=None, paths=None, packages_up_to=None, packages_up_to_regex=None, packages_above=None, packages_above_and_dependencies=None, packages_above_depth=None, packages_select_by_dep=None, packages_skip_by_dep=None, packages_skip_up_to=None, packages_select_build_failed=False, packages_skip_build_finished=False, packages_select_test_failures=False, packages_skip_test_passed=False, packages_select=['control_node'], packages_skip=None, packages_select_regex=None, packages_skip_regex=None, packages_start=None, packages_end=None, allow_overriding=[], cmake_args=None, cmake_target=None, cmake_target_skip_unavailable=False, cmake_clean_cache=False, cmake_clean_first=False, cmake_force_configure=False, ament_cmake_args=None, catkin_cmake_args=None, catkin_skip_building_tests=False, verb_parser=<colcon_defaults.argument_parser.defaults.DefaultArgumentsDecorator object at 0xffff88a24310>, verb_extension=<colcon_core.verb.build.BuildVerb object at 0xffff889f3d60>, main=<bound method BuildVerb.main of <colcon_core.verb.build.BuildVerb object at 0xffff889f3d60>>)[0m
[2.052s] [34mcolcon.colcon_core.package_discovery[0m [1;30mLevel 1[0m discover_packages(colcon_meta) check parameters
[2.053s] [34mcolcon.colcon_core.package_discovery[0m [1;30mLevel 1[0m discover_packages(recursive) check parameters
[2.053s] [34mcolcon.colcon_core.package_discovery[0m [1;30mLevel 1[0m discover_packages(ignore) check parameters
[2.053s] [34mcolcon.colcon_core.package_discovery[0m [1;30mLevel 1[0m discover_packages(path) check parameters
[2.053s] [34mcolcon.colcon_core.package_discovery[0m [1;30mLevel 1[0m discover_packages(colcon_meta) discover
[2.053s] [34mcolcon.colcon_core.package_discovery[0m [1;30mLevel 1[0m discover_packages(recursive) discover
[2.053s] [34mcolcon.colcon_core.package_discovery[0m [1;30mINFO[0m Crawling recursively for packages in '/home/zgq/src/control_node/control_node/miio'
[2.055s] [34mcolcon.colcon_core.package_identification[0m [1;30mLevel 1[0m _identify(.) by extensions ['ignore', 'ignore_ament_install']
[2.055s] [34mcolcon.colcon_core.package_identification[0m [1;30mLevel 1[0m _identify(.) by extension 'ignore'
[2.055s] [34mcolcon.colcon_core.package_identification[0m [1;30mLevel 1[0m _identify(.) by extension 'ignore_ament_install'
[2.056s] [34mcolcon.colcon_core.package_identification[0m [1;30mLevel 1[0m _identify(.) by extensions ['colcon_pkg']
[2.056s] [34mcolcon.colcon_core.package_identification[0m [1;30mLevel 1[0m _identify(.) by extension 'colcon_pkg'
[2.056s] [34mcolcon.colcon_core.package_identification[0m [1;30mLevel 1[0m _identify(.) by extensions ['colcon_meta']
[2.056s] [34mcolcon.colcon_core.package_identification[0m [1;30mLevel 1[0m _identify(.) by extension 'colcon_meta'
[2.056s] [34mcolcon.colcon_core.package_identification[0m [1;30mLevel 1[0m _identify(.) by extensions ['ros']
[2.056s] [34mcolcon.colcon_core.package_identification[0m [1;30mLevel 1[0m _identify(.) by extension 'ros'
[2.106s] [34mcolcon.colcon_core.package_identification[0m [1;30mLevel 1[0m _identify(.) by extensions ['cmake', 'python']
[2.107s] [34mcolcon.colcon_core.package_identification[0m [1;30mLevel 1[0m _identify(.) by extension 'cmake'
[2.107s] [34mcolcon.colcon_core.package_identification[0m [1;30mLevel 1[0m _identify(.) by extension 'python'
[2.107s] [34mcolcon.colcon_core.package_identification[0m [1;30mLevel 1[0m _identify(.) by extensions ['python_setup_py']
[2.107s] [34mcolcon.colcon_core.package_identification[0m [1;30mLevel 1[0m _identify(.) by extension 'python_setup_py'
[2.109s] [34mcolcon.colcon_core.package_identification[0m [1;30mLevel 1[0m _identify(__pycache__) by extensions ['ignore', 'ignore_ament_install']
[2.109s] [34mcolcon.colcon_core.package_identification[0m [1;30mLevel 1[0m _identify(__pycache__) by extension 'ignore'
[2.110s] [34mcolcon.colcon_core.package_identification[0m [1;30mLevel 1[0m _identify(__pycache__) by extension 'ignore_ament_install'
[2.110s] [34mcolcon.colcon_core.package_identification[0m [1;30mLevel 1[0m _identify(__pycache__) by extensions ['colcon_pkg']
[2.110s] [34mcolcon.colcon_core.package_identification[0m [1;30mLevel 1[0m _identify(__pycache__) by extension 'colcon_pkg'
[2.110s] [34mcolcon.colcon_core.package_identification[0m [1;30mLevel 1[0m _identify(__pycache__) by extensions ['colcon_meta']
[2.110s] [34mcolcon.colcon_core.package_identification[0m [1;30mLevel 1[0m _identify(__pycache__) by extension 'colcon_meta'
[2.111s] [34mcolcon.colcon_core.package_identification[0m [1;30mLevel 1[0m _identify(__pycache__) by extensions ['ros']
[2.111s] [34mcolcon.colcon_core.package_identification[0m [1;30mLevel 1[0m _identify(__pycache__) by extension 'ros'
[2.111s] [34mcolcon.colcon_core.package_identification[0m [1;30mLevel 1[0m _identify(__pycache__) by extensions ['cmake', 'python']
[2.111s] [34mcolcon.colcon_core.package_identification[0m [1;30mLevel 1[0m _identify(__pycache__) by extension 'cmake'
[2.112s] [34mcolcon.colcon_core.package_identification[0m [1;30mLevel 1[0m _identify(__pycache__) by extension 'python'
[2.112s] [34mcolcon.colcon_core.package_identification[0m [1;30mLevel 1[0m _identify(__pycache__) by extensions ['python_setup_py']
[2.112s] [34mcolcon.colcon_core.package_identification[0m [1;30mLevel 1[0m _identify(__pycache__) by extension 'python_setup_py'
[2.112s] [34mcolcon.colcon_core.package_identification[0m [1;30mLevel 1[0m _identify(build) by extensions ['ignore', 'ignore_ament_install']
[2.113s] [34mcolcon.colcon_core.package_identification[0m [1;30mLevel 1[0m _identify(build) by extension 'ignore'
[2.113s] [34mcolcon.colcon_core.package_identification[0m [1;30mLevel 1[0m _identify(build) ignored
[2.117s] [34mcolcon.colcon_core.package_identification[0m [1;30mLevel 1[0m _identify(data) by extensions ['ignore', 'ignore_ament_install']
[2.117s] [34mcolcon.colcon_core.package_identification[0m [1;30mLevel 1[0m _identify(data) by extension 'ignore'
[2.117s] [34mcolcon.colcon_core.package_identification[0m [1;30mLevel 1[0m _identify(data) by extension 'ignore_ament_install'
[2.117s] [34mcolcon.colcon_core.package_identification[0m [1;30mLevel 1[0m _identify(data) by extensions ['colcon_pkg']
[2.118s] [34mcolcon.colcon_core.package_identification[0m [1;30mLevel 1[0m _identify(data) by extension 'colcon_pkg'
[2.118s] [34mcolcon.colcon_core.package_identification[0m [1;30mLevel 1[0m _identify(data) by extensions ['colcon_meta']
[2.118s] [34mcolcon.colcon_core.package_identification[0m [1;30mLevel 1[0m _identify(data) by extension 'colcon_meta'
[2.118s] [34mcolcon.colcon_core.package_identification[0m [1;30mLevel 1[0m _identify(data) by extensions ['ros']
[2.118s] [34mcolcon.colcon_core.package_identification[0m [1;30mLevel 1[0m _identify(data) by extension 'ros'
[2.119s] [34mcolcon.colcon_core.package_identification[0m [1;30mLevel 1[0m _identify(data) by extensions ['cmake', 'python']
[2.119s] [34mcolcon.colcon_core.package_identification[0m [1;30mLevel 1[0m _identify(data) by extension 'cmake'
[2.119s] [34mcolcon.colcon_core.package_identification[0m [1;30mLevel 1[0m _identify(data) by extension 'python'
[2.119s] [34mcolcon.colcon_core.package_identification[0m [1;30mLevel 1[0m _identify(data) by extensions ['python_setup_py']
[2.119s] [34mcolcon.colcon_core.package_identification[0m [1;30mLevel 1[0m _identify(data) by extension 'python_setup_py'
[2.120s] [34mcolcon.colcon_core.package_identification[0m [1;30mLevel 1[0m _identify(devtools) by extensions ['ignore', 'ignore_ament_install']
[2.121s] [34mcolcon.colcon_core.package_identification[0m [1;30mLevel 1[0m _identify(devtools) by extension 'ignore'
[2.121s] [34mcolcon.colcon_core.package_identification[0m [1;30mLevel 1[0m _identify(devtools) by extension 'ignore_ament_install'
[2.121s] [34mcolcon.colcon_core.package_identification[0m [1;30mLevel 1[0m _identify(devtools) by extensions ['colcon_pkg']
[2.122s] [34mcolcon.colcon_core.package_identification[0m [1;30mLevel 1[0m _identify(devtools) by extension 'colcon_pkg'
[2.122s] [34mcolcon.colcon_core.package_identification[0m [1;30mLevel 1[0m _identify(devtools) by extensions ['colcon_meta']
[2.122s] [34mcolcon.colcon_core.package_identification[0m [1;30mLevel 1[0m _identify(devtools) by extension 'colcon_meta'
[2.122s] [34mcolcon.colcon_core.package_identification[0m [1;30mLevel 1[0m _identify(devtools) by extensions ['ros']
[2.122s] [34mcolcon.colcon_core.package_identification[0m [1;30mLevel 1[0m _identify(devtools) by extension 'ros'
[2.123s] [34mcolcon.colcon_core.package_identification[0m [1;30mLevel 1[0m _identify(devtools) by extensions ['cmake', 'python']
[2.123s] [34mcolcon.colcon_core.package_identification[0m [1;30mLevel 1[0m _identify(devtools) by extension 'cmake'
[2.123s] [34mcolcon.colcon_core.package_identification[0m [1;30mLevel 1[0m _identify(devtools) by extension 'python'
[2.123s] [34mcolcon.colcon_core.package_identification[0m [1;30mLevel 1[0m _identify(devtools) by extensions ['python_setup_py']
[2.123s] [34mcolcon.colcon_core.package_identification[0m [1;30mLevel 1[0m _identify(devtools) by extension 'python_setup_py'
[2.124s] [34mcolcon.colcon_core.package_identification[0m [1;30mLevel 1[0m _identify(devtools/simulators) by extensions ['ignore', 'ignore_ament_install']
[2.125s] [34mcolcon.colcon_core.package_identification[0m [1;30mLevel 1[0m _identify(devtools/simulators) by extension 'ignore'
[2.125s] [34mcolcon.colcon_core.package_identification[0m [1;30mLevel 1[0m _identify(devtools/simulators) by extension 'ignore_ament_install'
[2.125s] [34mcolcon.colcon_core.package_identification[0m [1;30mLevel 1[0m _identify(devtools/simulators) by extensions ['colcon_pkg']
[2.125s] [34mcolcon.colcon_core.package_identification[0m [1;30mLevel 1[0m _identify(devtools/simulators) by extension 'colcon_pkg'
[2.125s] [34mcolcon.colcon_core.package_identification[0m [1;30mLevel 1[0m _identify(devtools/simulators) by extensions ['colcon_meta']
[2.126s] [34mcolcon.colcon_core.package_identification[0m [1;30mLevel 1[0m _identify(devtools/simulators) by extension 'colcon_meta'
[2.126s] [34mcolcon.colcon_core.package_identification[0m [1;30mLevel 1[0m _identify(devtools/simulators) by extensions ['ros']
[2.126s] [34mcolcon.colcon_core.package_identification[0m [1;30mLevel 1[0m _identify(devtools/simulators) by extension 'ros'
[2.126s] [34mcolcon.colcon_core.package_identification[0m [1;30mLevel 1[0m _identify(devtools/simulators) by extensions ['cmake', 'python']
[2.127s] [34mcolcon.colcon_core.package_identification[0m [1;30mLevel 1[0m _identify(devtools/simulators) by extension 'cmake'
[2.127s] [34mcolcon.colcon_core.package_identification[0m [1;30mLevel 1[0m _identify(devtools/simulators) by extension 'python'
[2.127s] [34mcolcon.colcon_core.package_identification[0m [1;30mLevel 1[0m _identify(devtools/simulators) by extensions ['python_setup_py']
[2.127s] [34mcolcon.colcon_core.package_identification[0m [1;30mLevel 1[0m _identify(devtools/simulators) by extension 'python_setup_py'
[2.127s] [34mcolcon.colcon_core.package_identification[0m [1;30mLevel 1[0m _identify(install) by extensions ['ignore', 'ignore_ament_install']
[2.128s] [34mcolcon.colcon_core.package_identification[0m [1;30mLevel 1[0m _identify(install) by extension 'ignore'
[2.128s] [34mcolcon.colcon_core.package_identification[0m [1;30mLevel 1[0m _identify(install) ignored
[2.129s] [34mcolcon.colcon_core.package_identification[0m [1;30mLevel 1[0m _identify(integrations) by extensions ['ignore', 'ignore_ament_install']
[2.130s] [34mcolcon.colcon_core.package_identification[0m [1;30mLevel 1[0m _identify(integrations) by extension 'ignore'
[2.130s] [34mcolcon.colcon_core.package_identification[0m [1;30mLevel 1[0m _identify(integrations) by extension 'ignore_ament_install'
[2.130s] [34mcolcon.colcon_core.package_identification[0m [1;30mLevel 1[0m _identify(integrations) by extensions ['colcon_pkg']
[2.130s] [34mcolcon.colcon_core.package_identification[0m [1;30mLevel 1[0m _identify(integrations) by extension 'colcon_pkg'
[2.130s] [34mcolcon.colcon_core.package_identification[0m [1;30mLevel 1[0m _identify(integrations) by extensions ['colcon_meta']
[2.130s] [34mcolcon.colcon_core.package_identification[0m [1;30mLevel 1[0m _identify(integrations) by extension 'colcon_meta'
[2.131s] [34mcolcon.colcon_core.package_identification[0m [1;30mLevel 1[0m _identify(integrations) by extensions ['ros']
[2.131s] [34mcolcon.colcon_core.package_identification[0m [1;30mLevel 1[0m _identify(integrations) by extension 'ros'
[2.131s] [34mcolcon.colcon_core.package_identification[0m [1;30mLevel 1[0m _identify(integrations) by extensions ['cmake', 'python']
[2.131s] [34mcolcon.colcon_core.package_identification[0m [1;30mLevel 1[0m _identify(integrations) by extension 'cmake'
[2.132s] [34mcolcon.colcon_core.package_identification[0m [1;30mLevel 1[0m _identify(integrations) by extension 'python'
[2.132s] [34mcolcon.colcon_core.package_identification[0m [1;30mLevel 1[0m _identify(integrations) by extensions ['python_setup_py']
[2.132s] [34mcolcon.colcon_core.package_identification[0m [1;30mLevel 1[0m _identify(integrations) by extension 'python_setup_py'
[2.133s] [34mcolcon.colcon_core.package_identification[0m [1;30mLevel 1[0m _identify(integrations/__pycache__) by extensions ['ignore', 'ignore_ament_install']
[2.133s] [34mcolcon.colcon_core.package_identification[0m [1;30mLevel 1[0m _identify(integrations/__pycache__) by extension 'ignore'
[2.134s] [34mcolcon.colcon_core.package_identification[0m [1;30mLevel 1[0m _identify(integrations/__pycache__) by extension 'ignore_ament_install'
[2.134s] [34mcolcon.colcon_core.package_identification[0m [1;30mLevel 1[0m _identify(integrations/__pycache__) by extensions ['colcon_pkg']
[2.134s] [34mcolcon.colcon_core.package_identification[0m [1;30mLevel 1[0m _identify(integrations/__pycache__) by extension 'colcon_pkg'
[2.134s] [34mcolcon.colcon_core.package_identification[0m [1;30mLevel 1[0m _identify(integrations/__pycache__) by extensions ['colcon_meta']
[2.134s] [34mcolcon.colcon_core.package_identification[0m [1;30mLevel 1[0m _identify(integrations/__pycache__) by extension 'colcon_meta'
[2.134s] [34mcolcon.colcon_core.package_identification[0m [1;30mLevel 1[0m _identify(integrations/__pycache__) by extensions ['ros']
[2.135s] [34mcolcon.colcon_core.package_identification[0m [1;30mLevel 1[0m _identify(integrations/__pycache__) by extension 'ros'
[2.135s] [34mcolcon.colcon_core.package_identification[0m [1;30mLevel 1[0m _identify(integrations/__pycache__) by extensions ['cmake', 'python']
[2.135s] [34mcolcon.colcon_core.package_identification[0m [1;30mLevel 1[0m _identify(integrations/__pycache__) by extension 'cmake'
[2.135s] [34mcolcon.colcon_core.package_identification[0m [1;30mLevel 1[0m _identify(integrations/__pycache__) by extension 'python'
[2.136s] [34mcolcon.colcon_core.package_identification[0m [1;30mLevel 1[0m _identify(integrations/__pycache__) by extensions ['python_setup_py']
[2.136s] [34mcolcon.colcon_core.package_identification[0m [1;30mLevel 1[0m _identify(integrations/__pycache__) by extension 'python_setup_py'
[2.137s] [34mcolcon.colcon_core.package_identification[0m [1;30mLevel 1[0m _identify(integrations/airdog) by extensions ['ignore', 'ignore_ament_install']
[2.137s] [34mcolcon.colcon_core.package_identification[0m [1;30mLevel 1[0m _identify(integrations/airdog) by extension 'ignore'
[2.137s] [34mcolcon.colcon_core.package_identification[0m [1;30mLevel 1[0m _identify(integrations/airdog) by extension 'ignore_ament_install'
[2.138s] [34mcolcon.colcon_core.package_identification[0m [1;30mLevel 1[0m _identify(integrations/airdog) by extensions ['colcon_pkg']
[2.138s] [34mcolcon.colcon_core.package_identification[0m [1;30mLevel 1[0m _identify(integrations/airdog) by extension 'colcon_pkg'
[2.138s] [34mcolcon.colcon_core.package_identification[0m [1;30mLevel 1[0m _identify(integrations/airdog) by extensions ['colcon_meta']
[2.138s] [34mcolcon.colcon_core.package_identification[0m [1;30mLevel 1[0m _identify(integrations/airdog) by extension 'colcon_meta'
[2.138s] [34mcolcon.colcon_core.package_identification[0m [1;30mLevel 1[0m _identify(integrations/airdog) by extensions ['ros']
[2.138s] [34mcolcon.colcon_core.package_identification[0m [1;30mLevel 1[0m _identify(integrations/airdog) by extension 'ros'
[2.139s] [34mcolcon.colcon_core.package_identification[0m [1;30mLevel 1[0m _identify(integrations/airdog) by extensions ['cmake', 'python']
[2.139s] [34mcolcon.colcon_core.package_identification[0m [1;30mLevel 1[0m _identify(integrations/airdog) by extension 'cmake'
[2.139s] [34mcolcon.colcon_core.package_identification[0m [1;30mLevel 1[0m _identify(integrations/airdog) by extension 'python'
[2.139s] [34mcolcon.colcon_core.package_identification[0m [1;30mLevel 1[0m _identify(integrations/airdog) by extensions ['python_setup_py']
[2.139s] [34mcolcon.colcon_core.package_identification[0m [1;30mLevel 1[0m _identify(integrations/airdog) by extension 'python_setup_py'
[2.140s] [34mcolcon.colcon_core.package_identification[0m [1;30mLevel 1[0m _identify(integrations/airdog/__pycache__) by extensions ['ignore', 'ignore_ament_install']
[2.141s] [34mcolcon.colcon_core.package_identification[0m [1;30mLevel 1[0m _identify(integrations/airdog/__pycache__) by extension 'ignore'
[2.141s] [34mcolcon.colcon_core.package_identification[0m [1;30mLevel 1[0m _identify(integrations/airdog/__pycache__) by extension 'ignore_ament_install'
[2.141s] [34mcolcon.colcon_core.package_identification[0m [1;30mLevel 1[0m _identify(integrations/airdog/__pycache__) by extensions ['colcon_pkg']
[2.142s] [34mcolcon.colcon_core.package_identification[0m [1;30mLevel 1[0m _identify(integrations/airdog/__pycache__) by extension 'colcon_pkg'
[2.142s] [34mcolcon.colcon_core.package_identification[0m [1;30mLevel 1[0m _identify(integrations/airdog/__pycache__) by extensions ['colcon_meta']
[2.142s] [34mcolcon.colcon_core.package_identification[0m [1;30mLevel 1[0m _identify(integrations/airdog/__pycache__) by extension 'colcon_meta'
[2.142s] [34mcolcon.colcon_core.package_identification[0m [1;30mLevel 1[0m _identify(integrations/airdog/__pycache__) by extensions ['ros']
[2.142s] [34mcolcon.colcon_core.package_identification[0m [1;30mLevel 1[0m _identify(integrations/airdog/__pycache__) by extension 'ros'
[2.143s] [34mcolcon.colcon_core.package_identification[0m [1;30mLevel 1[0m _identify(integrations/airdog/__pycache__) by extensions ['cmake', 'python']
[2.143s] [34mcolcon.colcon_core.package_identification[0m [1;30mLevel 1[0m _identify(integrations/airdog/__pycache__) by extension 'cmake'
[2.143s] [34mcolcon.colcon_core.package_identification[0m [1;30mLevel 1[0m _identify(integrations/airdog/__pycache__) by extension 'python'
[2.143s] [34mcolcon.colcon_core.package_identification[0m [1;30mLevel 1[0m _identify(integrations/airdog/__pycache__) by extensions ['python_setup_py']
[2.143s] [34mcolcon.colcon_core.package_identification[0m [1;30mLevel 1[0m _identify(integrations/airdog/__pycache__) by extension 'python_setup_py'
[2.144s] [34mcolcon.colcon_core.package_identification[0m [1;30mLevel 1[0m _identify(integrations/airdog/airpurifier) by extensions ['ignore', 'ignore_ament_install']
[2.145s] [34mcolcon.colcon_core.package_identification[0m [1;30mLevel 1[0m _identify(integrations/airdog/airpurifier) by extension 'ignore'
[2.145s] [34mcolcon.colcon_core.package_identification[0m [1;30mLevel 1[0m _identify(integrations/airdog/airpurifier) by extension 'ignore_ament_install'
[2.145s] [34mcolcon.colcon_core.package_identification[0m [1;30mLevel 1[0m _identify(integrations/airdog/airpurifier) by extensions ['colcon_pkg']
[2.145s] [34mcolcon.colcon_core.package_identification[0m [1;30mLevel 1[0m _identify(integrations/airdog/airpurifier) by extension 'colcon_pkg'
[2.146s] [34mcolcon.colcon_core.package_identification[0m [1;30mLevel 1[0m _identify(integrations/airdog/airpurifier) by extensions ['colcon_meta']
[2.146s] [34mcolcon.colcon_core.package_identification[0m [1;30mLevel 1[0m _identify(integrations/airdog/airpurifier) by extension 'colcon_meta'
[2.146s] [34mcolcon.colcon_core.package_identification[0m [1;30mLevel 1[0m _identify(integrations/airdog/airpurifier) by extensions ['ros']
[2.146s] [34mcolcon.colcon_core.package_identification[0m [1;30mLevel 1[0m _identify(integrations/airdog/airpurifier) by extension 'ros'
[2.146s] [34mcolcon.colcon_core.package_identification[0m [1;30mLevel 1[0m _identify(integrations/airdog/airpurifier) by extensions ['cmake', 'python']
[2.147s] [34mcolcon.colcon_core.package_identification[0m [1;30mLevel 1[0m _identify(integrations/airdog/airpurifier) by extension 'cmake'
[2.147s] [34mcolcon.colcon_core.package_identification[0m [1;30mLevel 1[0m _identify(integrations/airdog/airpurifier) by extension 'python'
[2.147s] [34mcolcon.colcon_core.package_identification[0m [1;30mLevel 1[0m _identify(integrations/airdog/airpurifier) by extensions ['python_setup_py']
[2.147s] [34mcolcon.colcon_core.package_identification[0m [1;30mLevel 1[0m _identify(integrations/airdog/airpurifier) by extension 'python_setup_py'
[2.148s] [34mcolcon.colcon_core.package_identification[0m [1;30mLevel 1[0m _identify(integrations/airdog/airpurifier/__pycache__) by extensions ['ignore', 'ignore_ament_install']
[2.148s] [34mcolcon.colcon_core.package_identification[0m [1;30mLevel 1[0m _identify(integrations/airdog/airpurifier/__pycache__) by extension 'ignore'
[2.149s] [34mcolcon.colcon_core.package_identification[0m [1;30mLevel 1[0m _identify(integrations/airdog/airpurifier/__pycache__) by extension 'ignore_ament_install'
[2.149s] [34mcolcon.colcon_core.package_identification[0m [1;30mLevel 1[0m _identify(integrations/airdog/airpurifier/__pycache__) by extensions ['colcon_pkg']
[2.149s] [34mcolcon.colcon_core.package_identification[0m [1;30mLevel 1[0m _identify(integrations/airdog/airpurifier/__pycache__) by extension 'colcon_pkg'
[2.149s] [34mcolcon.colcon_core.package_identification[0m [1;30mLevel 1[0m _identify(integrations/airdog/airpurifier/__pycache__) by extensions ['colcon_meta']
[2.149s] [34mcolcon.colcon_core.package_identification[0m [1;30mLevel 1[0m _identify(integrations/airdog/airpurifier/__pycache__) by extension 'colcon_meta'
[2.150s] [34mcolcon.colcon_core.package_identification[0m [1;30mLevel 1[0m _identify(integrations/airdog/airpurifier/__pycache__) by extensions ['ros']
[2.150s] [34mcolcon.colcon_core.package_identification[0m [1;30mLevel 1[0m _identify(integrations/airdog/airpurifier/__pycache__) by extension 'ros'
[2.150s] [34mcolcon.colcon_core.package_identification[0m [1;30mLevel 1[0m _identify(integrations/airdog/airpurifier/__pycache__) by extensions ['cmake', 'python']
[2.150s] [34mcolcon.colcon_core.package_identification[0m [1;30mLevel 1[0m _identify(integrations/airdog/airpurifier/__pycache__) by extension 'cmake'
[2.151s] [34mcolcon.colcon_core.package_identification[0m [1;30mLevel 1[0m _identify(integrations/airdog/airpurifier/__pycache__) by extension 'python'
[2.151s] [34mcolcon.colcon_core.package_identification[0m [1;30mLevel 1[0m _identify(integrations/airdog/airpurifier/__pycache__) by extensions ['python_setup_py']
[2.151s] [34mcolcon.colcon_core.package_identification[0m [1;30mLevel 1[0m _identify(integrations/airdog/airpurifier/__pycache__) by extension 'python_setup_py'
[2.152s] [34mcolcon.colcon_core.package_identification[0m [1;30mLevel 1[0m _identify(integrations/airdog/airpurifier/tests) by extensions ['ignore', 'ignore_ament_install']
[2.153s] [34mcolcon.colcon_core.package_identification[0m [1;30mLevel 1[0m _identify(integrations/airdog/airpurifier/tests) by extension 'ignore'
[2.153s] [34mcolcon.colcon_core.package_identification[0m [1;30mLevel 1[0m _identify(integrations/airdog/airpurifier/tests) by extension 'ignore_ament_install'
[2.153s] [34mcolcon.colcon_core.package_identification[0m [1;30mLevel 1[0m _identify(integrations/airdog/airpurifier/tests) by extensions ['colcon_pkg']
[2.153s] [34mcolcon.colcon_core.package_identification[0m [1;30mLevel 1[0m _identify(integrations/airdog/airpurifier/tests) by extension 'colcon_pkg'
[2.153s] [34mcolcon.colcon_core.package_identification[0m [1;30mLevel 1[0m _identify(integrations/airdog/airpurifier/tests) by extensions ['colcon_meta']
[2.154s] [34mcolcon.colcon_core.package_identification[0m [1;30mLevel 1[0m _identify(integrations/airdog/airpurifier/tests) by extension 'colcon_meta'
[2.154s] [34mcolcon.colcon_core.package_identification[0m [1;30mLevel 1[0m _identify(integrations/airdog/airpurifier/tests) by extensions ['ros']
[2.154s] [34mcolcon.colcon_core.package_identification[0m [1;30mLevel 1[0m _identify(integrations/airdog/airpurifier/tests) by extension 'ros'
[2.154s] [34mcolcon.colcon_core.package_identification[0m [1;30mLevel 1[0m _identify(integrations/airdog/airpurifier/tests) by extensions ['cmake', 'python']
[2.155s] [34mcolcon.colcon_core.package_identification[0m [1;30mLevel 1[0m _identify(integrations/airdog/airpurifier/tests) by extension 'cmake'
[2.155s] [34mcolcon.colcon_core.package_identification[0m [1;30mLevel 1[0m _identify(integrations/airdog/airpurifier/tests) by extension 'python'
[2.155s] [34mcolcon.colcon_core.package_identification[0m [1;30mLevel 1[0m _identify(integrations/airdog/airpurifier/tests) by extensions ['python_setup_py']
[2.155s] [34mcolcon.colcon_core.package_identification[0m [1;30mLevel 1[0m _identify(integrations/airdog/airpurifier/tests) by extension 'python_setup_py'
[2.156s] [34mcolcon.colcon_core.package_identification[0m [1;30mLevel 1[0m _identify(integrations/cgllc) by extensions ['ignore', 'ignore_ament_install']
[2.157s] [34mcolcon.colcon_core.package_identification[0m [1;30mLevel 1[0m _identify(integrations/cgllc) by extension 'ignore'
[2.157s] [34mcolcon.colcon_core.package_identification[0m [1;30mLevel 1[0m _identify(integrations/cgllc) by extension 'ignore_ament_install'
[2.157s] [34mcolcon.colcon_core.package_identification[0m [1;30mLevel 1[0m _identify(integrations/cgllc) by extensions ['colcon_pkg']
[2.157s] [34mcolcon.colcon_core.package_identification[0m [1;30mLevel 1[0m _identify(integrations/cgllc) by extension 'colcon_pkg'
[2.157s] [34mcolcon.colcon_core.package_identification[0m [1;30mLevel 1[0m _identify(integrations/cgllc) by extensions ['colcon_meta']
[2.157s] [34mcolcon.colcon_core.package_identification[0m [1;30mLevel 1[0m _identify(integrations/cgllc) by extension 'colcon_meta'
[2.158s] [34mcolcon.colcon_core.package_identification[0m [1;30mLevel 1[0m _identify(integrations/cgllc) by extensions ['ros']
[2.158s] [34mcolcon.colcon_core.package_identification[0m [1;30mLevel 1[0m _identify(integrations/cgllc) by extension 'ros'
[2.158s] [34mcolcon.colcon_core.package_identification[0m [1;30mLevel 1[0m _identify(integrations/cgllc) by extensions ['cmake', 'python']
[2.158s] [34mcolcon.colcon_core.package_identification[0m [1;30mLevel 1[0m _identify(integrations/cgllc) by extension 'cmake'
[2.159s] [34mcolcon.colcon_core.package_identification[0m [1;30mLevel 1[0m _identify(integrations/cgllc) by extension 'python'
[2.159s] [34mcolcon.colcon_core.package_identification[0m [1;30mLevel 1[0m _identify(integrations/cgllc) by extensions ['python_setup_py']
[2.159s] [34mcolcon.colcon_core.package_identification[0m [1;30mLevel 1[0m _identify(integrations/cgllc) by extension 'python_setup_py'
[2.160s] [34mcolcon.colcon_core.package_identification[0m [1;30mLevel 1[0m _identify(integrations/cgllc/__pycache__) by extensions ['ignore', 'ignore_ament_install']
[2.160s] [34mcolcon.colcon_core.package_identification[0m [1;30mLevel 1[0m _identify(integrations/cgllc/__pycache__) by extension 'ignore'
[2.161s] [34mcolcon.colcon_core.package_identification[0m [1;30mLevel 1[0m _identify(integrations/cgllc/__pycache__) by extension 'ignore_ament_install'
[2.161s] [34mcolcon.colcon_core.package_identification[0m [1;30mLevel 1[0m _identify(integrations/cgllc/__pycache__) by extensions ['colcon_pkg']
[2.161s] [34mcolcon.colcon_core.package_identification[0m [1;30mLevel 1[0m _identify(integrations/cgllc/__pycache__) by extension 'colcon_pkg'
[2.161s] [34mcolcon.colcon_core.package_identification[0m [1;30mLevel 1[0m _identify(integrations/cgllc/__pycache__) by extensions ['colcon_meta']
[2.161s] [34mcolcon.colcon_core.package_identification[0m [1;30mLevel 1[0m _identify(integrations/cgllc/__pycache__) by extension 'colcon_meta'
[2.162s] [34mcolcon.colcon_core.package_identification[0m [1;30mLevel 1[0m _identify(integrations/cgllc/__pycache__) by extensions ['ros']
[2.162s] [34mcolcon.colcon_core.package_identification[0m [1;30mLevel 1[0m _identify(integrations/cgllc/__pycache__) by extension 'ros'
[2.162s] [34mcolcon.colcon_core.package_identification[0m [1;30mLevel 1[0m _identify(integrations/cgllc/__pycache__) by extensions ['cmake', 'python']
[2.162s] [34mcolcon.colcon_core.package_identification[0m [1;30mLevel 1[0m _identify(integrations/cgllc/__pycache__) by extension 'cmake'
[2.162s] [34mcolcon.colcon_core.package_identification[0m [1;30mLevel 1[0m _identify(integrations/cgllc/__pycache__) by extension 'python'
[2.163s] [34mcolcon.colcon_core.package_identification[0m [1;30mLevel 1[0m _identify(integrations/cgllc/__pycache__) by extensions ['python_setup_py']
[2.163s] [34mcolcon.colcon_core.package_identification[0m [1;30mLevel 1[0m _identify(integrations/cgllc/__pycache__) by extension 'python_setup_py'
[2.164s] [34mcolcon.colcon_core.package_identification[0m [1;30mLevel 1[0m _identify(integrations/cgllc/airmonitor) by extensions ['ignore', 'ignore_ament_install']
[2.164s] [34mcolcon.colcon_core.package_identification[0m [1;30mLevel 1[0m _identify(integrations/cgllc/airmonitor) by extension 'ignore'
[2.164s] [34mcolcon.colcon_core.package_identification[0m [1;30mLevel 1[0m _identify(integrations/cgllc/airmonitor) by extension 'ignore_ament_install'
[2.165s] [34mcolcon.colcon_core.package_identification[0m [1;30mLevel 1[0m _identify(integrations/cgllc/airmonitor) by extensions ['colcon_pkg']
[2.165s] [34mcolcon.colcon_core.package_identification[0m [1;30mLevel 1[0m _identify(integrations/cgllc/airmonitor) by extension 'colcon_pkg'
[2.165s] [34mcolcon.colcon_core.package_identification[0m [1;30mLevel 1[0m _identify(integrations/cgllc/airmonitor) by extensions ['colcon_meta']
[2.165s] [34mcolcon.colcon_core.package_identification[0m [1;30mLevel 1[0m _identify(integrations/cgllc/airmonitor) by extension 'colcon_meta'
[2.165s] [34mcolcon.colcon_core.package_identification[0m [1;30mLevel 1[0m _identify(integrations/cgllc/airmonitor) by extensions ['ros']
[2.165s] [34mcolcon.colcon_core.package_identification[0m [1;30mLevel 1[0m _identify(integrations/cgllc/airmonitor) by extension 'ros'
[2.166s] [34mcolcon.colcon_core.package_identification[0m [1;30mLevel 1[0m _identify(integrations/cgllc/airmonitor) by extensions ['cmake', 'python']
[2.166s] [34mcolcon.colcon_core.package_identification[0m [1;30mLevel 1[0m _identify(integrations/cgllc/airmonitor) by extension 'cmake'
[2.166s] [34mcolcon.colcon_core.package_identification[0m [1;30mLevel 1[0m _identify(integrations/cgllc/airmonitor) by extension 'python'
[2.166s] [34mcolcon.colcon_core.package_identification[0m [1;30mLevel 1[0m _identify(integrations/cgllc/airmonitor) by extensions ['python_setup_py']
[2.166s] [34mcolcon.colcon_core.package_identification[0m [1;30mLevel 1[0m _identify(integrations/cgllc/airmonitor) by extension 'python_setup_py'
[2.168s] [34mcolcon.colcon_core.package_identification[0m [1;30mLevel 1[0m _identify(integrations/cgllc/airmonitor/__pycache__) by extensions ['ignore', 'ignore_ament_install']
[2.168s] [34mcolcon.colcon_core.package_identification[0m [1;30mLevel 1[0m _identify(integrations/cgllc/airmonitor/__pycache__) by extension 'ignore'
[2.168s] [34mcolcon.colcon_core.package_identification[0m [1;30mLevel 1[0m _identify(integrations/cgllc/airmonitor/__pycache__) by extension 'ignore_ament_install'
[2.168s] [34mcolcon.colcon_core.package_identification[0m [1;30mLevel 1[0m _identify(integrations/cgllc/airmonitor/__pycache__) by extensions ['colcon_pkg']
[2.169s] [34mcolcon.colcon_core.package_identification[0m [1;30mLevel 1[0m _identify(integrations/cgllc/airmonitor/__pycache__) by extension 'colcon_pkg'
[2.169s] [34mcolcon.colcon_core.package_identification[0m [1;30mLevel 1[0m _identify(integrations/cgllc/airmonitor/__pycache__) by extensions ['colcon_meta']
[2.169s] [34mcolcon.colcon_core.package_identification[0m [1;30mLevel 1[0m _identify(integrations/cgllc/airmonitor/__pycache__) by extension 'colcon_meta'
[2.169s] [34mcolcon.colcon_core.package_identification[0m [1;30mLevel 1[0m _identify(integrations/cgllc/airmonitor/__pycache__) by extensions ['ros']
[2.169s] [34mcolcon.colcon_core.package_identification[0m [1;30mLevel 1[0m _identify(integrations/cgllc/airmonitor/__pycache__) by extension 'ros'
[2.170s] [34mcolcon.colcon_core.package_identification[0m [1;30mLevel 1[0m _identify(integrations/cgllc/airmonitor/__pycache__) by extensions ['cmake', 'python']
[2.170s] [34mcolcon.colcon_core.package_identification[0m [1;30mLevel 1[0m _identify(integrations/cgllc/airmonitor/__pycache__) by extension 'cmake'
[2.170s] [34mcolcon.colcon_core.package_identification[0m [1;30mLevel 1[0m _identify(integrations/cgllc/airmonitor/__pycache__) by extension 'python'
[2.170s] [34mcolcon.colcon_core.package_identification[0m [1;30mLevel 1[0m _identify(integrations/cgllc/airmonitor/__pycache__) by extensions ['python_setup_py']
[2.170s] [34mcolcon.colcon_core.package_identification[0m [1;30mLevel 1[0m _identify(integrations/cgllc/airmonitor/__pycache__) by extension 'python_setup_py'
[2.172s] [34mcolcon.colcon_core.package_identification[0m [1;30mLevel 1[0m _identify(integrations/chuangmi) by extensions ['ignore', 'ignore_ament_install']
[2.172s] [34mcolcon.colcon_core.package_identification[0m [1;30mLevel 1[0m _identify(integrations/chuangmi) by extension 'ignore'
[2.172s] [34mcolcon.colcon_core.package_identification[0m [1;30mLevel 1[0m _identify(integrations/chuangmi) by extension 'ignore_ament_install'
[2.173s] [34mcolcon.colcon_core.package_identification[0m [1;30mLevel 1[0m _identify(integrations/chuangmi) by extensions ['colcon_pkg']
[2.173s] [34mcolcon.colcon_core.package_identification[0m [1;30mLevel 1[0m _identify(integrations/chuangmi) by extension 'colcon_pkg'
[2.173s] [34mcolcon.colcon_core.package_identification[0m [1;30mLevel 1[0m _identify(integrations/chuangmi) by extensions ['colcon_meta']
[2.173s] [34mcolcon.colcon_core.package_identification[0m [1;30mLevel 1[0m _identify(integrations/chuangmi) by extension 'colcon_meta'
[2.173s] [34mcolcon.colcon_core.package_identification[0m [1;30mLevel 1[0m _identify(integrations/chuangmi) by extensions ['ros']
[2.173s] [34mcolcon.colcon_core.package_identification[0m [1;30mLevel 1[0m _identify(integrations/chuangmi) by extension 'ros'
[2.174s] [34mcolcon.colcon_core.package_identification[0m [1;30mLevel 1[0m _identify(integrations/chuangmi) by extensions ['cmake', 'python']
[2.174s] [34mcolcon.colcon_core.package_identification[0m [1;30mLevel 1[0m _identify(integrations/chuangmi) by extension 'cmake'
[2.174s] [34mcolcon.colcon_core.package_identification[0m [1;30mLevel 1[0m _identify(integrations/chuangmi) by extension 'python'
[2.174s] [34mcolcon.colcon_core.package_identification[0m [1;30mLevel 1[0m _identify(integrations/chuangmi) by extensions ['python_setup_py']
[2.174s] [34mcolcon.colcon_core.package_identification[0m [1;30mLevel 1[0m _identify(integrations/chuangmi) by extension 'python_setup_py'
[2.176s] [34mcolcon.colcon_core.package_identification[0m [1;30mLevel 1[0m _identify(integrations/chuangmi/__pycache__) by extensions ['ignore', 'ignore_ament_install']
[2.176s] [34mcolcon.colcon_core.package_identification[0m [1;30mLevel 1[0m _identify(integrations/chuangmi/__pycache__) by extension 'ignore'
[2.176s] [34mcolcon.colcon_core.package_identification[0m [1;30mLevel 1[0m _identify(integrations/chuangmi/__pycache__) by extension 'ignore_ament_install'
[2.177s] [34mcolcon.colcon_core.package_identification[0m [1;30mLevel 1[0m _identify(integrations/chuangmi/__pycache__) by extensions ['colcon_pkg']
[2.177s] [34mcolcon.colcon_core.package_identification[0m [1;30mLevel 1[0m _identify(integrations/chuangmi/__pycache__) by extension 'colcon_pkg'
[2.177s] [34mcolcon.colcon_core.package_identification[0m [1;30mLevel 1[0m _identify(integrations/chuangmi/__pycache__) by extensions ['colcon_meta']
[2.177s] [34mcolcon.colcon_core.package_identification[0m [1;30mLevel 1[0m _identify(integrations/chuangmi/__pycache__) by extension 'colcon_meta'
[2.177s] [34mcolcon.colcon_core.package_identification[0m [1;30mLevel 1[0m _identify(integrations/chuangmi/__pycache__) by extensions ['ros']
[2.177s] [34mcolcon.colcon_core.package_identification[0m [1;30mLevel 1[0m _identify(integrations/chuangmi/__pycache__) by extension 'ros'
[2.178s] [34mcolcon.colcon_core.package_identification[0m [1;30mLevel 1[0m _identify(integrations/chuangmi/__pycache__) by extensions ['cmake', 'python']
[2.178s] [34mcolcon.colcon_core.package_identification[0m [1;30mLevel 1[0m _identify(integrations/chuangmi/__pycache__) by extension 'cmake'
[2.178s] [34mcolcon.colcon_core.package_identification[0m [1;30mLevel 1[0m _identify(integrations/chuangmi/__pycache__) by extension 'python'
[2.178s] [34mcolcon.colcon_core.package_identification[0m [1;30mLevel 1[0m _identify(integrations/chuangmi/__pycache__) by extensions ['python_setup_py']
[2.178s] [34mcolcon.colcon_core.package_identification[0m [1;30mLevel 1[0m _identify(integrations/chuangmi/__pycache__) by extension 'python_setup_py'
[2.179s] [34mcolcon.colcon_core.package_identification[0m [1;30mLevel 1[0m _identify(integrations/chuangmi/camera) by extensions ['ignore', 'ignore_ament_install']
[2.180s] [34mcolcon.colcon_core.package_identification[0m [1;30mLevel 1[0m _identify(integrations/chuangmi/camera) by extension 'ignore'
[2.180s] [34mcolcon.colcon_core.package_identification[0m [1;30mLevel 1[0m _identify(integrations/chuangmi/camera) by extension 'ignore_ament_install'
[2.180s] [34mcolcon.colcon_core.package_identification[0m [1;30mLevel 1[0m _identify(integrations/chuangmi/camera) by extensions ['colcon_pkg']
[2.181s] [34mcolcon.colcon_core.package_identification[0m [1;30mLevel 1[0m _identify(integrations/chuangmi/camera) by extension 'colcon_pkg'
[2.181s] [34mcolcon.colcon_core.package_identification[0m [1;30mLevel 1[0m _identify(integrations/chuangmi/camera) by extensions ['colcon_meta']
[2.181s] [34mcolcon.colcon_core.package_identification[0m [1;30mLevel 1[0m _identify(integrations/chuangmi/camera) by extension 'colcon_meta'
[2.181s] [34mcolcon.colcon_core.package_identification[0m [1;30mLevel 1[0m _identify(integrations/chuangmi/camera) by extensions ['ros']
[2.181s] [34mcolcon.colcon_core.package_identification[0m [1;30mLevel 1[0m _identify(integrations/chuangmi/camera) by extension 'ros'
[2.182s] [34mcolcon.colcon_core.package_identification[0m [1;30mLevel 1[0m _identify(integrations/chuangmi/camera) by extensions ['cmake', 'python']
[2.182s] [34mcolcon.colcon_core.package_identification[0m [1;30mLevel 1[0m _identify(integrations/chuangmi/camera) by extension 'cmake'
[2.182s] [34mcolcon.colcon_core.package_identification[0m [1;30mLevel 1[0m _identify(integrations/chuangmi/camera) by extension 'python'
[2.182s] [34mcolcon.colcon_core.package_identification[0m [1;30mLevel 1[0m _identify(integrations/chuangmi/camera) by extensions ['python_setup_py']
[2.182s] [34mcolcon.colcon_core.package_identification[0m [1;30mLevel 1[0m _identify(integrations/chuangmi/camera) by extension 'python_setup_py'
[2.183s] [34mcolcon.colcon_core.package_identification[0m [1;30mLevel 1[0m _identify(integrations/chuangmi/camera/__pycache__) by extensions ['ignore', 'ignore_ament_install']
[2.184s] [34mcolcon.colcon_core.package_identification[0m [1;30mLevel 1[0m _identify(integrations/chuangmi/camera/__pycache__) by extension 'ignore'
[2.184s] [34mcolcon.colcon_core.package_identification[0m [1;30mLevel 1[0m _identify(integrations/chuangmi/camera/__pycache__) by extension 'ignore_ament_install'
[2.184s] [34mcolcon.colcon_core.package_identification[0m [1;30mLevel 1[0m _identify(integrations/chuangmi/camera/__pycache__) by extensions ['colcon_pkg']
[2.184s] [34mcolcon.colcon_core.package_identification[0m [1;30mLevel 1[0m _identify(integrations/chuangmi/camera/__pycache__) by extension 'colcon_pkg'
[2.185s] [34mcolcon.colcon_core.package_identification[0m [1;30mLevel 1[0m _identify(integrations/chuangmi/camera/__pycache__) by extensions ['colcon_meta']
[2.185s] [34mcolcon.colcon_core.package_identification[0m [1;30mLevel 1[0m _identify(integrations/chuangmi/camera/__pycache__) by extension 'colcon_meta'
[2.185s] [34mcolcon.colcon_core.package_identification[0m [1;30mLevel 1[0m _identify(integrations/chuangmi/camera/__pycache__) by extensions ['ros']
[2.185s] [34mcolcon.colcon_core.package_identification[0m [1;30mLevel 1[0m _identify(integrations/chuangmi/camera/__pycache__) by extension 'ros'
[2.186s] [34mcolcon.colcon_core.package_identification[0m [1;30mLevel 1[0m _identify(integrations/chuangmi/camera/__pycache__) by extensions ['cmake', 'python']
[2.186s] [34mcolcon.colcon_core.package_identification[0m [1;30mLevel 1[0m _identify(integrations/chuangmi/camera/__pycache__) by extension 'cmake'
[2.186s] [34mcolcon.colcon_core.package_identification[0m [1;30mLevel 1[0m _identify(integrations/chuangmi/camera/__pycache__) by extension 'python'
[2.186s] [34mcolcon.colcon_core.package_identification[0m [1;30mLevel 1[0m _identify(integrations/chuangmi/camera/__pycache__) by extensions ['python_setup_py']
[2.186s] [34mcolcon.colcon_core.package_identification[0m [1;30mLevel 1[0m _identify(integrations/chuangmi/camera/__pycache__) by extension 'python_setup_py'
[2.187s] [34mcolcon.colcon_core.package_identification[0m [1;30mLevel 1[0m _identify(integrations/chuangmi/plug) by extensions ['ignore', 'ignore_ament_install']
[2.188s] [34mcolcon.colcon_core.package_identification[0m [1;30mLevel 1[0m _identify(integrations/chuangmi/plug) by extension 'ignore'
[2.188s] [34mcolcon.colcon_core.package_identification[0m [1;30mLevel 1[0m _identify(integrations/chuangmi/plug) by extension 'ignore_ament_install'
[2.188s] [34mcolcon.colcon_core.package_identification[0m [1;30mLevel 1[0m _identify(integrations/chuangmi/plug) by extensions ['colcon_pkg']
[2.188s] [34mcolcon.colcon_core.package_identification[0m [1;30mLevel 1[0m _identify(integrations/chuangmi/plug) by extension 'colcon_pkg'
[2.188s] [34mcolcon.colcon_core.package_identification[0m [1;30mLevel 1[0m _identify(integrations/chuangmi/plug) by extensions ['colcon_meta']
[2.189s] [34mcolcon.colcon_core.package_identification[0m [1;30mLevel 1[0m _identify(integrations/chuangmi/plug) by extension 'colcon_meta'
[2.189s] [34mcolcon.colcon_core.package_identification[0m [1;30mLevel 1[0m _identify(integrations/chuangmi/plug) by extensions ['ros']
[2.189s] [34mcolcon.colcon_core.package_identification[0m [1;30mLevel 1[0m _identify(integrations/chuangmi/plug) by extension 'ros'
[2.189s] [34mcolcon.colcon_core.package_identification[0m [1;30mLevel 1[0m _identify(integrations/chuangmi/plug) by extensions ['cmake', 'python']
[2.189s] [34mcolcon.colcon_core.package_identification[0m [1;30mLevel 1[0m _identify(integrations/chuangmi/plug) by extension 'cmake'
[2.190s] [34mcolcon.colcon_core.package_identification[0m [1;30mLevel 1[0m _identify(integrations/chuangmi/plug) by extension 'python'
[2.190s] [34mcolcon.colcon_core.package_identification[0m [1;30mLevel 1[0m _identify(integrations/chuangmi/plug) by extensions ['python_setup_py']
[2.190s] [34mcolcon.colcon_core.package_identification[0m [1;30mLevel 1[0m _identify(integrations/chuangmi/plug) by extension 'python_setup_py'
[2.191s] [34mcolcon.colcon_core.package_identification[0m [1;30mLevel 1[0m _identify(integrations/chuangmi/plug/__pycache__) by extensions ['ignore', 'ignore_ament_install']
[2.191s] [34mcolcon.colcon_core.package_identification[0m [1;30mLevel 1[0m _identify(integrations/chuangmi/plug/__pycache__) by extension 'ignore'
[2.192s] [34mcolcon.colcon_core.package_identification[0m [1;30mLevel 1[0m _identify(integrations/chuangmi/plug/__pycache__) by extension 'ignore_ament_install'
[2.192s] [34mcolcon.colcon_core.package_identification[0m [1;30mLevel 1[0m _identify(integrations/chuangmi/plug/__pycache__) by extensions ['colcon_pkg']
[2.192s] [34mcolcon.colcon_core.package_identification[0m [1;30mLevel 1[0m _identify(integrations/chuangmi/plug/__pycache__) by extension 'colcon_pkg'
[2.192s] [34mcolcon.colcon_core.package_identification[0m [1;30mLevel 1[0m _identify(integrations/chuangmi/plug/__pycache__) by extensions ['colcon_meta']
[2.192s] [34mcolcon.colcon_core.package_identification[0m [1;30mLevel 1[0m _identify(integrations/chuangmi/plug/__pycache__) by extension 'colcon_meta'
[2.193s] [34mcolcon.colcon_core.package_identification[0m [1;30mLevel 1[0m _identify(integrations/chuangmi/plug/__pycache__) by extensions ['ros']
[2.193s] [34mcolcon.colcon_core.package_identification[0m [1;30mLevel 1[0m _identify(integrations/chuangmi/plug/__pycache__) by extension 'ros'
[2.193s] [34mcolcon.colcon_core.package_identification[0m [1;30mLevel 1[0m _identify(integrations/chuangmi/plug/__pycache__) by extensions ['cmake', 'python']
[2.193s] [34mcolcon.colcon_core.package_identification[0m [1;30mLevel 1[0m _identify(integrations/chuangmi/plug/__pycache__) by extension 'cmake'
[2.193s] [34mcolcon.colcon_core.package_identification[0m [1;30mLevel 1[0m _identify(integrations/chuangmi/plug/__pycache__) by extension 'python'
[2.194s] [34mcolcon.colcon_core.package_identification[0m [1;30mLevel 1[0m _identify(integrations/chuangmi/plug/__pycache__) by extensions ['python_setup_py']
[2.194s] [34mcolcon.colcon_core.package_identification[0m [1;30mLevel 1[0m _identify(integrations/chuangmi/plug/__pycache__) by extension 'python_setup_py'
[2.195s] [34mcolcon.colcon_core.package_identification[0m [1;30mLevel 1[0m _identify(integrations/chuangmi/remote) by extensions ['ignore', 'ignore_ament_install']
[2.195s] [34mcolcon.colcon_core.package_identification[0m [1;30mLevel 1[0m _identify(integrations/chuangmi/remote) by extension 'ignore'
[2.196s] [34mcolcon.colcon_core.package_identification[0m [1;30mLevel 1[0m _identify(integrations/chuangmi/remote) by extension 'ignore_ament_install'
[2.196s] [34mcolcon.colcon_core.package_identification[0m [1;30mLevel 1[0m _identify(integrations/chuangmi/remote) by extensions ['colcon_pkg']
[2.196s] [34mcolcon.colcon_core.package_identification[0m [1;30mLevel 1[0m _identify(integrations/chuangmi/remote) by extension 'colcon_pkg'
[2.196s] [34mcolcon.colcon_core.package_identification[0m [1;30mLevel 1[0m _identify(integrations/chuangmi/remote) by extensions ['colcon_meta']
[2.196s] [34mcolcon.colcon_core.package_identification[0m [1;30mLevel 1[0m _identify(integrations/chuangmi/remote) by extension 'colcon_meta'
[2.197s] [34mcolcon.colcon_core.package_identification[0m [1;30mLevel 1[0m _identify(integrations/chuangmi/remote) by extensions ['ros']
[2.197s] [34mcolcon.colcon_core.package_identification[0m [1;30mLevel 1[0m _identify(integrations/chuangmi/remote) by extension 'ros'
[2.197s] [34mcolcon.colcon_core.package_identification[0m [1;30mLevel 1[0m _identify(integrations/chuangmi/remote) by extensions ['cmake', 'python']
[2.197s] [34mcolcon.colcon_core.package_identification[0m [1;30mLevel 1[0m _identify(integrations/chuangmi/remote) by extension 'cmake'
[2.197s] [34mcolcon.colcon_core.package_identification[0m [1;30mLevel 1[0m _identify(integrations/chuangmi/remote) by extension 'python'
[2.198s] [34mcolcon.colcon_core.package_identification[0m [1;30mLevel 1[0m _identify(integrations/chuangmi/remote) by extensions ['python_setup_py']
[2.198s] [34mcolcon.colcon_core.package_identification[0m [1;30mLevel 1[0m _identify(integrations/chuangmi/remote) by extension 'python_setup_py'
[2.199s] [34mcolcon.colcon_core.package_identification[0m [1;30mLevel 1[0m _identify(integrations/chuangmi/remote/__pycache__) by extensions ['ignore', 'ignore_ament_install']
[2.199s] [34mcolcon.colcon_core.package_identification[0m [1;30mLevel 1[0m _identify(integrations/chuangmi/remote/__pycache__) by extension 'ignore'
[2.200s] [34mcolcon.colcon_core.package_identification[0m [1;30mLevel 1[0m _identify(integrations/chuangmi/remote/__pycache__) by extension 'ignore_ament_install'
[2.200s] [34mcolcon.colcon_core.package_identification[0m [1;30mLevel 1[0m _identify(integrations/chuangmi/remote/__pycache__) by extensions ['colcon_pkg']
[2.200s] [34mcolcon.colcon_core.package_identification[0m [1;30mLevel 1[0m _identify(integrations/chuangmi/remote/__pycache__) by extension 'colcon_pkg'
[2.200s] [34mcolcon.colcon_core.package_identification[0m [1;30mLevel 1[0m _identify(integrations/chuangmi/remote/__pycache__) by extensions ['colcon_meta']
[2.200s] [34mcolcon.colcon_core.package_identification[0m [1;30mLevel 1[0m _identify(integrations/chuangmi/remote/__pycache__) by extension 'colcon_meta'
[2.201s] [34mcolcon.colcon_core.package_identification[0m [1;30mLevel 1[0m _identify(integrations/chuangmi/remote/__pycache__) by extensions ['ros']
[2.201s] [34mcolcon.colcon_core.package_identification[0m [1;30mLevel 1[0m _identify(integrations/chuangmi/remote/__pycache__) by extension 'ros'
[2.201s] [34mcolcon.colcon_core.package_identification[0m [1;30mLevel 1[0m _identify(integrations/chuangmi/remote/__pycache__) by extensions ['cmake', 'python']
[2.201s] [34mcolcon.colcon_core.package_identification[0m [1;30mLevel 1[0m _identify(integrations/chuangmi/remote/__pycache__) by extension 'cmake'
[2.202s] [34mcolcon.colcon_core.package_identification[0m [1;30mLevel 1[0m _identify(integrations/chuangmi/remote/__pycache__) by extension 'python'
[2.202s] [34mcolcon.colcon_core.package_identification[0m [1;30mLevel 1[0m _identify(integrations/chuangmi/remote/__pycache__) by extensions ['python_setup_py']
[2.202s] [34mcolcon.colcon_core.package_identification[0m [1;30mLevel 1[0m _identify(integrations/chuangmi/remote/__pycache__) by extension 'python_setup_py'
[2.203s] [34mcolcon.colcon_core.package_identification[0m [1;30mLevel 1[0m _identify(integrations/chunmi) by extensions ['ignore', 'ignore_ament_install']
[2.203s] [34mcolcon.colcon_core.package_identification[0m [1;30mLevel 1[0m _identify(integrations/chunmi) by extension 'ignore'
[2.204s] [34mcolcon.colcon_core.package_identification[0m [1;30mLevel 1[0m _identify(integrations/chunmi) by extension 'ignore_ament_install'
[2.204s] [34mcolcon.colcon_core.package_identification[0m [1;30mLevel 1[0m _identify(integrations/chunmi) by extensions ['colcon_pkg']
[2.204s] [34mcolcon.colcon_core.package_identification[0m [1;30mLevel 1[0m _identify(integrations/chunmi) by extension 'colcon_pkg'
[2.204s] [34mcolcon.colcon_core.package_identification[0m [1;30mLevel 1[0m _identify(integrations/chunmi) by extensions ['colcon_meta']
[2.204s] [34mcolcon.colcon_core.package_identification[0m [1;30mLevel 1[0m _identify(integrations/chunmi) by extension 'colcon_meta'
[2.205s] [34mcolcon.colcon_core.package_identification[0m [1;30mLevel 1[0m _identify(integrations/chunmi) by extensions ['ros']
[2.205s] [34mcolcon.colcon_core.package_identification[0m [1;30mLevel 1[0m _identify(integrations/chunmi) by extension 'ros'
[2.205s] [34mcolcon.colcon_core.package_identification[0m [1;30mLevel 1[0m _identify(integrations/chunmi) by extensions ['cmake', 'python']
[2.205s] [34mcolcon.colcon_core.package_identification[0m [1;30mLevel 1[0m _identify(integrations/chunmi) by extension 'cmake'
[2.206s] [34mcolcon.colcon_core.package_identification[0m [1;30mLevel 1[0m _identify(integrations/chunmi) by extension 'python'
[2.206s] [34mcolcon.colcon_core.package_identification[0m [1;30mLevel 1[0m _identify(integrations/chunmi) by extensions ['python_setup_py']
[2.206s] [34mcolcon.colcon_core.package_identification[0m [1;30mLevel 1[0m _identify(integrations/chunmi) by extension 'python_setup_py'
[2.207s] [34mcolcon.colcon_core.package_identification[0m [1;30mLevel 1[0m _identify(integrations/chunmi/__pycache__) by extensions ['ignore', 'ignore_ament_install']
[2.207s] [34mcolcon.colcon_core.package_identification[0m [1;30mLevel 1[0m _identify(integrations/chunmi/__pycache__) by extension 'ignore'
[2.207s] [34mcolcon.colcon_core.package_identification[0m [1;30mLevel 1[0m _identify(integrations/chunmi/__pycache__) by extension 'ignore_ament_install'
[2.208s] [34mcolcon.colcon_core.package_identification[0m [1;30mLevel 1[0m _identify(integrations/chunmi/__pycache__) by extensions ['colcon_pkg']
[2.208s] [34mcolcon.colcon_core.package_identification[0m [1;30mLevel 1[0m _identify(integrations/chunmi/__pycache__) by extension 'colcon_pkg'
[2.208s] [34mcolcon.colcon_core.package_identification[0m [1;30mLevel 1[0m _identify(integrations/chunmi/__pycache__) by extensions ['colcon_meta']
[2.208s] [34mcolcon.colcon_core.package_identification[0m [1;30mLevel 1[0m _identify(integrations/chunmi/__pycache__) by extension 'colcon_meta'
[2.208s] [34mcolcon.colcon_core.package_identification[0m [1;30mLevel 1[0m _identify(integrations/chunmi/__pycache__) by extensions ['ros']
[2.208s] [34mcolcon.colcon_core.package_identification[0m [1;30mLevel 1[0m _identify(integrations/chunmi/__pycache__) by extension 'ros'
[2.209s] [34mcolcon.colcon_core.package_identification[0m [1;30mLevel 1[0m _identify(integrations/chunmi/__pycache__) by extensions ['cmake', 'python']
[2.209s] [34mcolcon.colcon_core.package_identification[0m [1;30mLevel 1[0m _identify(integrations/chunmi/__pycache__) by extension 'cmake'
[2.209s] [34mcolcon.colcon_core.package_identification[0m [1;30mLevel 1[0m _identify(integrations/chunmi/__pycache__) by extension 'python'
[2.209s] [34mcolcon.colcon_core.package_identification[0m [1;30mLevel 1[0m _identify(integrations/chunmi/__pycache__) by extensions ['python_setup_py']
[2.210s] [34mcolcon.colcon_core.package_identification[0m [1;30mLevel 1[0m _identify(integrations/chunmi/__pycache__) by extension 'python_setup_py'
[2.211s] [34mcolcon.colcon_core.package_identification[0m [1;30mLevel 1[0m _identify(integrations/chunmi/cooker) by extensions ['ignore', 'ignore_ament_install']
[2.211s] [34mcolcon.colcon_core.package_identification[0m [1;30mLevel 1[0m _identify(integrations/chunmi/cooker) by extension 'ignore'
[2.211s] [34mcolcon.colcon_core.package_identification[0m [1;30mLevel 1[0m _identify(integrations/chunmi/cooker) by extension 'ignore_ament_install'
[2.211s] [34mcolcon.colcon_core.package_identification[0m [1;30mLevel 1[0m _identify(integrations/chunmi/cooker) by extensions ['colcon_pkg']
[2.212s] [34mcolcon.colcon_core.package_identification[0m [1;30mLevel 1[0m _identify(integrations/chunmi/cooker) by extension 'colcon_pkg'
[2.212s] [34mcolcon.colcon_core.package_identification[0m [1;30mLevel 1[0m _identify(integrations/chunmi/cooker) by extensions ['colcon_meta']
[2.212s] [34mcolcon.colcon_core.package_identification[0m [1;30mLevel 1[0m _identify(integrations/chunmi/cooker) by extension 'colcon_meta'
[2.212s] [34mcolcon.colcon_core.package_identification[0m [1;30mLevel 1[0m _identify(integrations/chunmi/cooker) by extensions ['ros']
[2.212s] [34mcolcon.colcon_core.package_identification[0m [1;30mLevel 1[0m _identify(integrations/chunmi/cooker) by extension 'ros'
[2.213s] [34mcolcon.colcon_core.package_identification[0m [1;30mLevel 1[0m _identify(integrations/chunmi/cooker) by extensions ['cmake', 'python']
[2.213s] [34mcolcon.colcon_core.package_identification[0m [1;30mLevel 1[0m _identify(integrations/chunmi/cooker) by extension 'cmake'
[2.213s] [34mcolcon.colcon_core.package_identification[0m [1;30mLevel 1[0m _identify(integrations/chunmi/cooker) by extension 'python'
[2.213s] [34mcolcon.colcon_core.package_identification[0m [1;30mLevel 1[0m _identify(integrations/chunmi/cooker) by extensions ['python_setup_py']
[2.213s] [34mcolcon.colcon_core.package_identification[0m [1;30mLevel 1[0m _identify(integrations/chunmi/cooker) by extension 'python_setup_py'
[2.214s] [34mcolcon.colcon_core.package_identification[0m [1;30mLevel 1[0m _identify(integrations/chunmi/cooker/__pycache__) by extensions ['ignore', 'ignore_ament_install']
[2.215s] [34mcolcon.colcon_core.package_identification[0m [1;30mLevel 1[0m _identify(integrations/chunmi/cooker/__pycache__) by extension 'ignore'
[2.215s] [34mcolcon.colcon_core.package_identification[0m [1;30mLevel 1[0m _identify(integrations/chunmi/cooker/__pycache__) by extension 'ignore_ament_install'
[2.215s] [34mcolcon.colcon_core.package_identification[0m [1;30mLevel 1[0m _identify(integrations/chunmi/cooker/__pycache__) by extensions ['colcon_pkg']
[2.216s] [34mcolcon.colcon_core.package_identification[0m [1;30mLevel 1[0m _identify(integrations/chunmi/cooker/__pycache__) by extension 'colcon_pkg'
[2.216s] [34mcolcon.colcon_core.package_identification[0m [1;30mLevel 1[0m _identify(integrations/chunmi/cooker/__pycache__) by extensions ['colcon_meta']
[2.216s] [34mcolcon.colcon_core.package_identification[0m [1;30mLevel 1[0m _identify(integrations/chunmi/cooker/__pycache__) by extension 'colcon_meta'
[2.216s] [34mcolcon.colcon_core.package_identification[0m [1;30mLevel 1[0m _identify(integrations/chunmi/cooker/__pycache__) by extensions ['ros']
[2.216s] [34mcolcon.colcon_core.package_identification[0m [1;30mLevel 1[0m _identify(integrations/chunmi/cooker/__pycache__) by extension 'ros'
[2.217s] [34mcolcon.colcon_core.package_identification[0m [1;30mLevel 1[0m _identify(integrations/chunmi/cooker/__pycache__) by extensions ['cmake', 'python']
[2.217s] [34mcolcon.colcon_core.package_identification[0m [1;30mLevel 1[0m _identify(integrations/chunmi/cooker/__pycache__) by extension 'cmake'
[2.217s] [34mcolcon.colcon_core.package_identification[0m [1;30mLevel 1[0m _identify(integrations/chunmi/cooker/__pycache__) by extension 'python'
[2.217s] [34mcolcon.colcon_core.package_identification[0m [1;30mLevel 1[0m _identify(integrations/chunmi/cooker/__pycache__) by extensions ['python_setup_py']
[2.217s] [34mcolcon.colcon_core.package_identification[0m [1;30mLevel 1[0m _identify(integrations/chunmi/cooker/__pycache__) by extension 'python_setup_py'
[2.218s] [34mcolcon.colcon_core.package_identification[0m [1;30mLevel 1[0m _identify(integrations/deerma) by extensions ['ignore', 'ignore_ament_install']
[2.219s] [34mcolcon.colcon_core.package_identification[0m [1;30mLevel 1[0m _identify(integrations/deerma) by extension 'ignore'
[2.219s] [34mcolcon.colcon_core.package_identification[0m [1;30mLevel 1[0m _identify(integrations/deerma) by extension 'ignore_ament_install'
[2.219s] [34mcolcon.colcon_core.package_identification[0m [1;30mLevel 1[0m _identify(integrations/deerma) by extensions ['colcon_pkg']
[2.219s] [34mcolcon.colcon_core.package_identification[0m [1;30mLevel 1[0m _identify(integrations/deerma) by extension 'colcon_pkg'
[2.220s] [34mcolcon.colcon_core.package_identification[0m [1;30mLevel 1[0m _identify(integrations/deerma) by extensions ['colcon_meta']
[2.220s] [34mcolcon.colcon_core.package_identification[0m [1;30mLevel 1[0m _identify(integrations/deerma) by extension 'colcon_meta'
[2.220s] [34mcolcon.colcon_core.package_identification[0m [1;30mLevel 1[0m _identify(integrations/deerma) by extensions ['ros']
[2.220s] [34mcolcon.colcon_core.package_identification[0m [1;30mLevel 1[0m _identify(integrations/deerma) by extension 'ros'
[2.220s] [34mcolcon.colcon_core.package_identification[0m [1;30mLevel 1[0m _identify(integrations/deerma) by extensions ['cmake', 'python']
[2.221s] [34mcolcon.colcon_core.package_identification[0m [1;30mLevel 1[0m _identify(integrations/deerma) by extension 'cmake'
[2.221s] [34mcolcon.colcon_core.package_identification[0m [1;30mLevel 1[0m _identify(integrations/deerma) by extension 'python'
[2.221s] [34mcolcon.colcon_core.package_identification[0m [1;30mLevel 1[0m _identify(integrations/deerma) by extensions ['python_setup_py']
[2.221s] [34mcolcon.colcon_core.package_identification[0m [1;30mLevel 1[0m _identify(integrations/deerma) by extension 'python_setup_py'
[2.222s] [34mcolcon.colcon_core.package_identification[0m [1;30mLevel 1[0m _identify(integrations/deerma/__pycache__) by extensions ['ignore', 'ignore_ament_install']
[2.223s] [34mcolcon.colcon_core.package_identification[0m [1;30mLevel 1[0m _identify(integrations/deerma/__pycache__) by extension 'ignore'
[2.223s] [34mcolcon.colcon_core.package_identification[0m [1;30mLevel 1[0m _identify(integrations/deerma/__pycache__) by extension 'ignore_ament_install'
[2.223s] [34mcolcon.colcon_core.package_identification[0m [1;30mLevel 1[0m _identify(integrations/deerma/__pycache__) by extensions ['colcon_pkg']
[2.223s] [34mcolcon.colcon_core.package_identification[0m [1;30mLevel 1[0m _identify(integrations/deerma/__pycache__) by extension 'colcon_pkg'
[2.224s] [34mcolcon.colcon_core.package_identification[0m [1;30mLevel 1[0m _identify(integrations/deerma/__pycache__) by extensions ['colcon_meta']
[2.224s] [34mcolcon.colcon_core.package_identification[0m [1;30mLevel 1[0m _identify(integrations/deerma/__pycache__) by extension 'colcon_meta'
[2.224s] [34mcolcon.colcon_core.package_identification[0m [1;30mLevel 1[0m _identify(integrations/deerma/__pycache__) by extensions ['ros']
[2.224s] [34mcolcon.colcon_core.package_identification[0m [1;30mLevel 1[0m _identify(integrations/deerma/__pycache__) by extension 'ros'
[2.225s] [34mcolcon.colcon_core.package_identification[0m [1;30mLevel 1[0m _identify(integrations/deerma/__pycache__) by extensions ['cmake', 'python']
[2.225s] [34mcolcon.colcon_core.package_identification[0m [1;30mLevel 1[0m _identify(integrations/deerma/__pycache__) by extension 'cmake'
[2.225s] [34mcolcon.colcon_core.package_identification[0m [1;30mLevel 1[0m _identify(integrations/deerma/__pycache__) by extension 'python'
[2.225s] [34mcolcon.colcon_core.package_identification[0m [1;30mLevel 1[0m _identify(integrations/deerma/__pycache__) by extensions ['python_setup_py']
[2.225s] [34mcolcon.colcon_core.package_identification[0m [1;30mLevel 1[0m _identify(integrations/deerma/__pycache__) by extension 'python_setup_py'
[2.226s] [34mcolcon.colcon_core.package_identification[0m [1;30mLevel 1[0m _identify(integrations/deerma/humidifier) by extensions ['ignore', 'ignore_ament_install']
[2.227s] [34mcolcon.colcon_core.package_identification[0m [1;30mLevel 1[0m _identify(integrations/deerma/humidifier) by extension 'ignore'
[2.227s] [34mcolcon.colcon_core.package_identification[0m [1;30mLevel 1[0m _identify(integrations/deerma/humidifier) by extension 'ignore_ament_install'
[2.227s] [34mcolcon.colcon_core.package_identification[0m [1;30mLevel 1[0m _identify(integrations/deerma/humidifier) by extensions ['colcon_pkg']
[2.227s] [34mcolcon.colcon_core.package_identification[0m [1;30mLevel 1[0m _identify(integrations/deerma/humidifier) by extension 'colcon_pkg'
[2.227s] [34mcolcon.colcon_core.package_identification[0m [1;30mLevel 1[0m _identify(integrations/deerma/humidifier) by extensions ['colcon_meta']
[2.227s] [34mcolcon.colcon_core.package_identification[0m [1;30mLevel 1[0m _identify(integrations/deerma/humidifier) by extension 'colcon_meta'
[2.228s] [34mcolcon.colcon_core.package_identification[0m [1;30mLevel 1[0m _identify(integrations/deerma/humidifier) by extensions ['ros']
[2.228s] [34mcolcon.colcon_core.package_identification[0m [1;30mLevel 1[0m _identify(integrations/deerma/humidifier) by extension 'ros'
[2.228s] [34mcolcon.colcon_core.package_identification[0m [1;30mLevel 1[0m _identify(integrations/deerma/humidifier) by extensions ['cmake', 'python']
[2.228s] [34mcolcon.colcon_core.package_identification[0m [1;30mLevel 1[0m _identify(integrations/deerma/humidifier) by extension 'cmake'
[2.229s] [34mcolcon.colcon_core.package_identification[0m [1;30mLevel 1[0m _identify(integrations/deerma/humidifier) by extension 'python'
[2.229s] [34mcolcon.colcon_core.package_identification[0m [1;30mLevel 1[0m _identify(integrations/deerma/humidifier) by extensions ['python_setup_py']
[2.229s] [34mcolcon.colcon_core.package_identification[0m [1;30mLevel 1[0m _identify(integrations/deerma/humidifier) by extension 'python_setup_py'
[2.230s] [34mcolcon.colcon_core.package_identification[0m [1;30mLevel 1[0m _identify(integrations/deerma/humidifier/__pycache__) by extensions ['ignore', 'ignore_ament_install']
[2.230s] [34mcolcon.colcon_core.package_identification[0m [1;30mLevel 1[0m _identify(integrations/deerma/humidifier/__pycache__) by extension 'ignore'
[2.231s] [34mcolcon.colcon_core.package_identification[0m [1;30mLevel 1[0m _identify(integrations/deerma/humidifier/__pycache__) by extension 'ignore_ament_install'
[2.231s] [34mcolcon.colcon_core.package_identification[0m [1;30mLevel 1[0m _identify(integrations/deerma/humidifier/__pycache__) by extensions ['colcon_pkg']
[2.231s] [34mcolcon.colcon_core.package_identification[0m [1;30mLevel 1[0m _identify(integrations/deerma/humidifier/__pycache__) by extension 'colcon_pkg'
[2.231s] [34mcolcon.colcon_core.package_identification[0m [1;30mLevel 1[0m _identify(integrations/deerma/humidifier/__pycache__) by extensions ['colcon_meta']
[2.231s] [34mcolcon.colcon_core.package_identification[0m [1;30mLevel 1[0m _identify(integrations/deerma/humidifier/__pycache__) by extension 'colcon_meta'
[2.232s] [34mcolcon.colcon_core.package_identification[0m [1;30mLevel 1[0m _identify(integrations/deerma/humidifier/__pycache__) by extensions ['ros']
[2.232s] [34mcolcon.colcon_core.package_identification[0m [1;30mLevel 1[0m _identify(integrations/deerma/humidifier/__pycache__) by extension 'ros'
[2.232s] [34mcolcon.colcon_core.package_identification[0m [1;30mLevel 1[0m _identify(integrations/deerma/humidifier/__pycache__) by extensions ['cmake', 'python']
[2.232s] [34mcolcon.colcon_core.package_identification[0m [1;30mLevel 1[0m _identify(integrations/deerma/humidifier/__pycache__) by extension 'cmake'
[2.232s] [34mcolcon.colcon_core.package_identification[0m [1;30mLevel 1[0m _identify(integrations/deerma/humidifier/__pycache__) by extension 'python'
[2.233s] [34mcolcon.colcon_core.package_identification[0m [1;30mLevel 1[0m _identify(integrations/deerma/humidifier/__pycache__) by extensions ['python_setup_py']
[2.233s] [34mcolcon.colcon_core.package_identification[0m [1;30mLevel 1[0m _identify(integrations/deerma/humidifier/__pycache__) by extension 'python_setup_py'
[2.234s] [34mcolcon.colcon_core.package_identification[0m [1;30mLevel 1[0m _identify(integrations/deerma/humidifier/tests) by extensions ['ignore', 'ignore_ament_install']
[2.234s] [34mcolcon.colcon_core.package_identification[0m [1;30mLevel 1[0m _identify(integrations/deerma/humidifier/tests) by extension 'ignore'
[2.235s] [34mcolcon.colcon_core.package_identification[0m [1;30mLevel 1[0m _identify(integrations/deerma/humidifier/tests) by extension 'ignore_ament_install'
[2.235s] [34mcolcon.colcon_core.package_identification[0m [1;30mLevel 1[0m _identify(integrations/deerma/humidifier/tests) by extensions ['colcon_pkg']
[2.235s] [34mcolcon.colcon_core.package_identification[0m [1;30mLevel 1[0m _identify(integrations/deerma/humidifier/tests) by extension 'colcon_pkg'
[2.235s] [34mcolcon.colcon_core.package_identification[0m [1;30mLevel 1[0m _identify(integrations/deerma/humidifier/tests) by extensions ['colcon_meta']
[2.235s] [34mcolcon.colcon_core.package_identification[0m [1;30mLevel 1[0m _identify(integrations/deerma/humidifier/tests) by extension 'colcon_meta'
[2.236s] [34mcolcon.colcon_core.package_identification[0m [1;30mLevel 1[0m _identify(integrations/deerma/humidifier/tests) by extensions ['ros']
[2.236s] [34mcolcon.colcon_core.package_identification[0m [1;30mLevel 1[0m _identify(integrations/deerma/humidifier/tests) by extension 'ros'
[2.236s] [34mcolcon.colcon_core.package_identification[0m [1;30mLevel 1[0m _identify(integrations/deerma/humidifier/tests) by extensions ['cmake', 'python']
[2.236s] [34mcolcon.colcon_core.package_identification[0m [1;30mLevel 1[0m _identify(integrations/deerma/humidifier/tests) by extension 'cmake'
[2.236s] [34mcolcon.colcon_core.package_identification[0m [1;30mLevel 1[0m _identify(integrations/deerma/humidifier/tests) by extension 'python'
[2.237s] [34mcolcon.colcon_core.package_identification[0m [1;30mLevel 1[0m _identify(integrations/deerma/humidifier/tests) by extensions ['python_setup_py']
[2.237s] [34mcolcon.colcon_core.package_identification[0m [1;30mLevel 1[0m _identify(integrations/deerma/humidifier/tests) by extension 'python_setup_py'
[2.238s] [34mcolcon.colcon_core.package_identification[0m [1;30mLevel 1[0m _identify(integrations/dmaker) by extensions ['ignore', 'ignore_ament_install']
[2.238s] [34mcolcon.colcon_core.package_identification[0m [1;30mLevel 1[0m _identify(integrations/dmaker) by extension 'ignore'
[2.239s] [34mcolcon.colcon_core.package_identification[0m [1;30mLevel 1[0m _identify(integrations/dmaker) by extension 'ignore_ament_install'
[2.239s] [34mcolcon.colcon_core.package_identification[0m [1;30mLevel 1[0m _identify(integrations/dmaker) by extensions ['colcon_pkg']
[2.239s] [34mcolcon.colcon_core.package_identification[0m [1;30mLevel 1[0m _identify(integrations/dmaker) by extension 'colcon_pkg'
[2.239s] [34mcolcon.colcon_core.package_identification[0m [1;30mLevel 1[0m _identify(integrations/dmaker) by extensions ['colcon_meta']
[2.239s] [34mcolcon.colcon_core.package_identification[0m [1;30mLevel 1[0m _identify(integrations/dmaker) by extension 'colcon_meta'
[2.240s] [34mcolcon.colcon_core.package_identification[0m [1;30mLevel 1[0m _identify(integrations/dmaker) by extensions ['ros']
[2.240s] [34mcolcon.colcon_core.package_identification[0m [1;30mLevel 1[0m _identify(integrations/dmaker) by extension 'ros'
[2.240s] [34mcolcon.colcon_core.package_identification[0m [1;30mLevel 1[0m _identify(integrations/dmaker) by extensions ['cmake', 'python']
[2.240s] [34mcolcon.colcon_core.package_identification[0m [1;30mLevel 1[0m _identify(integrations/dmaker) by extension 'cmake'
[2.240s] [34mcolcon.colcon_core.package_identification[0m [1;30mLevel 1[0m _identify(integrations/dmaker) by extension 'python'
[2.240s] [34mcolcon.colcon_core.package_identification[0m [1;30mLevel 1[0m _identify(integrations/dmaker) by extensions ['python_setup_py']
[2.241s] [34mcolcon.colcon_core.package_identification[0m [1;30mLevel 1[0m _identify(integrations/dmaker) by extension 'python_setup_py'
[2.242s] [34mcolcon.colcon_core.package_identification[0m [1;30mLevel 1[0m _identify(integrations/dmaker/__pycache__) by extensions ['ignore', 'ignore_ament_install']
[2.242s] [34mcolcon.colcon_core.package_identification[0m [1;30mLevel 1[0m _identify(integrations/dmaker/__pycache__) by extension 'ignore'
[2.242s] [34mcolcon.colcon_core.package_identification[0m [1;30mLevel 1[0m _identify(integrations/dmaker/__pycache__) by extension 'ignore_ament_install'
[2.243s] [34mcolcon.colcon_core.package_identification[0m [1;30mLevel 1[0m _identify(integrations/dmaker/__pycache__) by extensions ['colcon_pkg']
[2.243s] [34mcolcon.colcon_core.package_identification[0m [1;30mLevel 1[0m _identify(integrations/dmaker/__pycache__) by extension 'colcon_pkg'
[2.243s] [34mcolcon.colcon_core.package_identification[0m [1;30mLevel 1[0m _identify(integrations/dmaker/__pycache__) by extensions ['colcon_meta']
[2.243s] [34mcolcon.colcon_core.package_identification[0m [1;30mLevel 1[0m _identify(integrations/dmaker/__pycache__) by extension 'colcon_meta'
[2.243s] [34mcolcon.colcon_core.package_identification[0m [1;30mLevel 1[0m _identify(integrations/dmaker/__pycache__) by extensions ['ros']
[2.243s] [34mcolcon.colcon_core.package_identification[0m [1;30mLevel 1[0m _identify(integrations/dmaker/__pycache__) by extension 'ros'
[2.244s] [34mcolcon.colcon_core.package_identification[0m [1;30mLevel 1[0m _identify(integrations/dmaker/__pycache__) by extensions ['cmake', 'python']
[2.244s] [34mcolcon.colcon_core.package_identification[0m [1;30mLevel 1[0m _identify(integrations/dmaker/__pycache__) by extension 'cmake'
[2.244s] [34mcolcon.colcon_core.package_identification[0m [1;30mLevel 1[0m _identify(integrations/dmaker/__pycache__) by extension 'python'
[2.244s] [34mcolcon.colcon_core.package_identification[0m [1;30mLevel 1[0m _identify(integrations/dmaker/__pycache__) by extensions ['python_setup_py']
[2.244s] [34mcolcon.colcon_core.package_identification[0m [1;30mLevel 1[0m _identify(integrations/dmaker/__pycache__) by extension 'python_setup_py'
[2.245s] [34mcolcon.colcon_core.package_identification[0m [1;30mLevel 1[0m _identify(integrations/dmaker/airfresh) by extensions ['ignore', 'ignore_ament_install']
[2.246s] [34mcolcon.colcon_core.package_identification[0m [1;30mLevel 1[0m _identify(integrations/dmaker/airfresh) by extension 'ignore'
[2.246s] [34mcolcon.colcon_core.package_identification[0m [1;30mLevel 1[0m _identify(integrations/dmaker/airfresh) by extension 'ignore_ament_install'
[2.246s] [34mcolcon.colcon_core.package_identification[0m [1;30mLevel 1[0m _identify(integrations/dmaker/airfresh) by extensions ['colcon_pkg']
[2.247s] [34mcolcon.colcon_core.package_identification[0m [1;30mLevel 1[0m _identify(integrations/dmaker/airfresh) by extension 'colcon_pkg'
[2.247s] [34mcolcon.colcon_core.package_identification[0m [1;30mLevel 1[0m _identify(integrations/dmaker/airfresh) by extensions ['colcon_meta']
[2.247s] [34mcolcon.colcon_core.package_identification[0m [1;30mLevel 1[0m _identify(integrations/dmaker/airfresh) by extension 'colcon_meta'
[2.247s] [34mcolcon.colcon_core.package_identification[0m [1;30mLevel 1[0m _identify(integrations/dmaker/airfresh) by extensions ['ros']
[2.247s] [34mcolcon.colcon_core.package_identification[0m [1;30mLevel 1[0m _identify(integrations/dmaker/airfresh) by extension 'ros'
[2.248s] [34mcolcon.colcon_core.package_identification[0m [1;30mLevel 1[0m _identify(integrations/dmaker/airfresh) by extensions ['cmake', 'python']
[2.248s] [34mcolcon.colcon_core.package_identification[0m [1;30mLevel 1[0m _identify(integrations/dmaker/airfresh) by extension 'cmake'
[2.248s] [34mcolcon.colcon_core.package_identification[0m [1;30mLevel 1[0m _identify(integrations/dmaker/airfresh) by extension 'python'
[2.248s] [34mcolcon.colcon_core.package_identification[0m [1;30mLevel 1[0m _identify(integrations/dmaker/airfresh) by extensions ['python_setup_py']
[2.248s] [34mcolcon.colcon_core.package_identification[0m [1;30mLevel 1[0m _identify(integrations/dmaker/airfresh) by extension 'python_setup_py'
[2.249s] [34mcolcon.colcon_core.package_identification[0m [1;30mLevel 1[0m _identify(integrations/dmaker/airfresh/__pycache__) by extensions ['ignore', 'ignore_ament_install']
[2.250s] [34mcolcon.colcon_core.package_identification[0m [1;30mLevel 1[0m _identify(integrations/dmaker/airfresh/__pycache__) by extension 'ignore'
[2.250s] [34mcolcon.colcon_core.package_identification[0m [1;30mLevel 1[0m _identify(integrations/dmaker/airfresh/__pycache__) by extension 'ignore_ament_install'
[2.250s] [34mcolcon.colcon_core.package_identification[0m [1;30mLevel 1[0m _identify(integrations/dmaker/airfresh/__pycache__) by extensions ['colcon_pkg']
[2.250s] [34mcolcon.colcon_core.package_identification[0m [1;30mLevel 1[0m _identify(integrations/dmaker/airfresh/__pycache__) by extension 'colcon_pkg'
[2.250s] [34mcolcon.colcon_core.package_identification[0m [1;30mLevel 1[0m _identify(integrations/dmaker/airfresh/__pycache__) by extensions ['colcon_meta']
[2.251s] [34mcolcon.colcon_core.package_identification[0m [1;30mLevel 1[0m _identify(integrations/dmaker/airfresh/__pycache__) by extension 'colcon_meta'
[2.251s] [34mcolcon.colcon_core.package_identification[0m [1;30mLevel 1[0m _identify(integrations/dmaker/airfresh/__pycache__) by extensions ['ros']
[2.251s] [34mcolcon.colcon_core.package_identification[0m [1;30mLevel 1[0m _identify(integrations/dmaker/airfresh/__pycache__) by extension 'ros'
[2.252s] [34mcolcon.colcon_core.package_identification[0m [1;30mLevel 1[0m _identify(integrations/dmaker/airfresh/__pycache__) by extensions ['cmake', 'python']
[2.252s] [34mcolcon.colcon_core.package_identification[0m [1;30mLevel 1[0m _identify(integrations/dmaker/airfresh/__pycache__) by extension 'cmake'
[2.252s] [34mcolcon.colcon_core.package_identification[0m [1;30mLevel 1[0m _identify(integrations/dmaker/airfresh/__pycache__) by extension 'python'
[2.252s] [34mcolcon.colcon_core.package_identification[0m [1;30mLevel 1[0m _identify(integrations/dmaker/airfresh/__pycache__) by extensions ['python_setup_py']
[2.252s] [34mcolcon.colcon_core.package_identification[0m [1;30mLevel 1[0m _identify(integrations/dmaker/airfresh/__pycache__) by extension 'python_setup_py'
[2.253s] [34mcolcon.colcon_core.package_identification[0m [1;30mLevel 1[0m _identify(integrations/dmaker/airfresh/tests) by extensions ['ignore', 'ignore_ament_install']
[2.254s] [34mcolcon.colcon_core.package_identification[0m [1;30mLevel 1[0m _identify(integrations/dmaker/airfresh/tests) by extension 'ignore'
[2.254s] [34mcolcon.colcon_core.package_identification[0m [1;30mLevel 1[0m _identify(integrations/dmaker/airfresh/tests) by extension 'ignore_ament_install'
[2.254s] [34mcolcon.colcon_core.package_identification[0m [1;30mLevel 1[0m _identify(integrations/dmaker/airfresh/tests) by extensions ['colcon_pkg']
[2.255s] [34mcolcon.colcon_core.package_identification[0m [1;30mLevel 1[0m _identify(integrations/dmaker/airfresh/tests) by extension 'colcon_pkg'
[2.255s] [34mcolcon.colcon_core.package_identification[0m [1;30mLevel 1[0m _identify(integrations/dmaker/airfresh/tests) by extensions ['colcon_meta']
[2.255s] [34mcolcon.colcon_core.package_identification[0m [1;30mLevel 1[0m _identify(integrations/dmaker/airfresh/tests) by extension 'colcon_meta'
[2.255s] [34mcolcon.colcon_core.package_identification[0m [1;30mLevel 1[0m _identify(integrations/dmaker/airfresh/tests) by extensions ['ros']
[2.255s] [34mcolcon.colcon_core.package_identification[0m [1;30mLevel 1[0m _identify(integrations/dmaker/airfresh/tests) by extension 'ros'
[2.256s] [34mcolcon.colcon_core.package_identification[0m [1;30mLevel 1[0m _identify(integrations/dmaker/airfresh/tests) by extensions ['cmake', 'python']
[2.256s] [34mcolcon.colcon_core.package_identification[0m [1;30mLevel 1[0m _identify(integrations/dmaker/airfresh/tests) by extension 'cmake'
[2.256s] [34mcolcon.colcon_core.package_identification[0m [1;30mLevel 1[0m _identify(integrations/dmaker/airfresh/tests) by extension 'python'
[2.256s] [34mcolcon.colcon_core.package_identification[0m [1;30mLevel 1[0m _identify(integrations/dmaker/airfresh/tests) by extensions ['python_setup_py']
[2.256s] [34mcolcon.colcon_core.package_identification[0m [1;30mLevel 1[0m _identify(integrations/dmaker/airfresh/tests) by extension 'python_setup_py'
[2.257s] [34mcolcon.colcon_core.package_identification[0m [1;30mLevel 1[0m _identify(integrations/dmaker/fan) by extensions ['ignore', 'ignore_ament_install']
[2.258s] [34mcolcon.colcon_core.package_identification[0m [1;30mLevel 1[0m _identify(integrations/dmaker/fan) by extension 'ignore'
[2.258s] [34mcolcon.colcon_core.package_identification[0m [1;30mLevel 1[0m _identify(integrations/dmaker/fan) by extension 'ignore_ament_install'
[2.258s] [34mcolcon.colcon_core.package_identification[0m [1;30mLevel 1[0m _identify(integrations/dmaker/fan) by extensions ['colcon_pkg']
[2.259s] [34mcolcon.colcon_core.package_identification[0m [1;30mLevel 1[0m _identify(integrations/dmaker/fan) by extension 'colcon_pkg'
[2.259s] [34mcolcon.colcon_core.package_identification[0m [1;30mLevel 1[0m _identify(integrations/dmaker/fan) by extensions ['colcon_meta']
[2.259s] [34mcolcon.colcon_core.package_identification[0m [1;30mLevel 1[0m _identify(integrations/dmaker/fan) by extension 'colcon_meta'
[2.259s] [34mcolcon.colcon_core.package_identification[0m [1;30mLevel 1[0m _identify(integrations/dmaker/fan) by extensions ['ros']
[2.259s] [34mcolcon.colcon_core.package_identification[0m [1;30mLevel 1[0m _identify(integrations/dmaker/fan) by extension 'ros'
[2.260s] [34mcolcon.colcon_core.package_identification[0m [1;30mLevel 1[0m _identify(integrations/dmaker/fan) by extensions ['cmake', 'python']
[2.260s] [34mcolcon.colcon_core.package_identification[0m [1;30mLevel 1[0m _identify(integrations/dmaker/fan) by extension 'cmake'
[2.260s] [34mcolcon.colcon_core.package_identification[0m [1;30mLevel 1[0m _identify(integrations/dmaker/fan) by extension 'python'
[2.260s] [34mcolcon.colcon_core.package_identification[0m [1;30mLevel 1[0m _identify(integrations/dmaker/fan) by extensions ['python_setup_py']
[2.260s] [34mcolcon.colcon_core.package_identification[0m [1;30mLevel 1[0m _identify(integrations/dmaker/fan) by extension 'python_setup_py'
[2.261s] [34mcolcon.colcon_core.package_identification[0m [1;30mLevel 1[0m _identify(integrations/dmaker/fan/__pycache__) by extensions ['ignore', 'ignore_ament_install']
[2.262s] [34mcolcon.colcon_core.package_identification[0m [1;30mLevel 1[0m _identify(integrations/dmaker/fan/__pycache__) by extension 'ignore'
[2.262s] [34mcolcon.colcon_core.package_identification[0m [1;30mLevel 1[0m _identify(integrations/dmaker/fan/__pycache__) by extension 'ignore_ament_install'
[2.262s] [34mcolcon.colcon_core.package_identification[0m [1;30mLevel 1[0m _identify(integrations/dmaker/fan/__pycache__) by extensions ['colcon_pkg']
[2.262s] [34mcolcon.colcon_core.package_identification[0m [1;30mLevel 1[0m _identify(integrations/dmaker/fan/__pycache__) by extension 'colcon_pkg'
[2.262s] [34mcolcon.colcon_core.package_identification[0m [1;30mLevel 1[0m _identify(integrations/dmaker/fan/__pycache__) by extensions ['colcon_meta']
[2.263s] [34mcolcon.colcon_core.package_identification[0m [1;30mLevel 1[0m _identify(integrations/dmaker/fan/__pycache__) by extension 'colcon_meta'
[2.263s] [34mcolcon.colcon_core.package_identification[0m [1;30mLevel 1[0m _identify(integrations/dmaker/fan/__pycache__) by extensions ['ros']
[2.263s] [34mcolcon.colcon_core.package_identification[0m [1;30mLevel 1[0m _identify(integrations/dmaker/fan/__pycache__) by extension 'ros'
[2.263s] [34mcolcon.colcon_core.package_identification[0m [1;30mLevel 1[0m _identify(integrations/dmaker/fan/__pycache__) by extensions ['cmake', 'python']
[2.264s] [34mcolcon.colcon_core.package_identification[0m [1;30mLevel 1[0m _identify(integrations/dmaker/fan/__pycache__) by extension 'cmake'
[2.264s] [34mcolcon.colcon_core.package_identification[0m [1;30mLevel 1[0m _identify(integrations/dmaker/fan/__pycache__) by extension 'python'
[2.264s] [34mcolcon.colcon_core.package_identification[0m [1;30mLevel 1[0m _identify(integrations/dmaker/fan/__pycache__) by extensions ['python_setup_py']
[2.264s] [34mcolcon.colcon_core.package_identification[0m [1;30mLevel 1[0m _identify(integrations/dmaker/fan/__pycache__) by extension 'python_setup_py'
[2.265s] [34mcolcon.colcon_core.package_identification[0m [1;30mLevel 1[0m _identify(integrations/dreame) by extensions ['ignore', 'ignore_ament_install']
[2.265s] [34mcolcon.colcon_core.package_identification[0m [1;30mLevel 1[0m _identify(integrations/dreame) by extension 'ignore'
[2.266s] [34mcolcon.colcon_core.package_identification[0m [1;30mLevel 1[0m _identify(integrations/dreame) by extension 'ignore_ament_install'
[2.266s] [34mcolcon.colcon_core.package_identification[0m [1;30mLevel 1[0m _identify(integrations/dreame) by extensions ['colcon_pkg']
[2.266s] [34mcolcon.colcon_core.package_identification[0m [1;30mLevel 1[0m _identify(integrations/dreame) by extension 'colcon_pkg'
[2.266s] [34mcolcon.colcon_core.package_identification[0m [1;30mLevel 1[0m _identify(integrations/dreame) by extensions ['colcon_meta']
[2.266s] [34mcolcon.colcon_core.package_identification[0m [1;30mLevel 1[0m _identify(integrations/dreame) by extension 'colcon_meta'
[2.267s] [34mcolcon.colcon_core.package_identification[0m [1;30mLevel 1[0m _identify(integrations/dreame) by extensions ['ros']
[2.267s] [34mcolcon.colcon_core.package_identification[0m [1;30mLevel 1[0m _identify(integrations/dreame) by extension 'ros'
[2.267s] [34mcolcon.colcon_core.package_identification[0m [1;30mLevel 1[0m _identify(integrations/dreame) by extensions ['cmake', 'python']
[2.267s] [34mcolcon.colcon_core.package_identification[0m [1;30mLevel 1[0m _identify(integrations/dreame) by extension 'cmake'
[2.267s] [34mcolcon.colcon_core.package_identification[0m [1;30mLevel 1[0m _identify(integrations/dreame) by extension 'python'
[2.268s] [34mcolcon.colcon_core.package_identification[0m [1;30mLevel 1[0m _identify(integrations/dreame) by extensions ['python_setup_py']
[2.268s] [34mcolcon.colcon_core.package_identification[0m [1;30mLevel 1[0m _identify(integrations/dreame) by extension 'python_setup_py'
[2.269s] [34mcolcon.colcon_core.package_identification[0m [1;30mLevel 1[0m _identify(integrations/dreame/__pycache__) by extensions ['ignore', 'ignore_ament_install']
[2.269s] [34mcolcon.colcon_core.package_identification[0m [1;30mLevel 1[0m _identify(integrations/dreame/__pycache__) by extension 'ignore'
[2.269s] [34mcolcon.colcon_core.package_identification[0m [1;30mLevel 1[0m _identify(integrations/dreame/__pycache__) by extension 'ignore_ament_install'
[2.270s] [34mcolcon.colcon_core.package_identification[0m [1;30mLevel 1[0m _identify(integrations/dreame/__pycache__) by extensions ['colcon_pkg']
[2.270s] [34mcolcon.colcon_core.package_identification[0m [1;30mLevel 1[0m _identify(integrations/dreame/__pycache__) by extension 'colcon_pkg'
[2.270s] [34mcolcon.colcon_core.package_identification[0m [1;30mLevel 1[0m _identify(integrations/dreame/__pycache__) by extensions ['colcon_meta']
[2.270s] [34mcolcon.colcon_core.package_identification[0m [1;30mLevel 1[0m _identify(integrations/dreame/__pycache__) by extension 'colcon_meta'
[2.270s] [34mcolcon.colcon_core.package_identification[0m [1;30mLevel 1[0m _identify(integrations/dreame/__pycache__) by extensions ['ros']
[2.270s] [34mcolcon.colcon_core.package_identification[0m [1;30mLevel 1[0m _identify(integrations/dreame/__pycache__) by extension 'ros'
[2.271s] [34mcolcon.colcon_core.package_identification[0m [1;30mLevel 1[0m _identify(integrations/dreame/__pycache__) by extensions ['cmake', 'python']
[2.271s] [34mcolcon.colcon_core.package_identification[0m [1;30mLevel 1[0m _identify(integrations/dreame/__pycache__) by extension 'cmake'
[2.271s] [34mcolcon.colcon_core.package_identification[0m [1;30mLevel 1[0m _identify(integrations/dreame/__pycache__) by extension 'python'
[2.271s] [34mcolcon.colcon_core.package_identification[0m [1;30mLevel 1[0m _identify(integrations/dreame/__pycache__) by extensions ['python_setup_py']
[2.272s] [34mcolcon.colcon_core.package_identification[0m [1;30mLevel 1[0m _identify(integrations/dreame/__pycache__) by extension 'python_setup_py'
[2.273s] [34mcolcon.colcon_core.package_identification[0m [1;30mLevel 1[0m _identify(integrations/dreame/vacuum) by extensions ['ignore', 'ignore_ament_install']
[2.273s] [34mcolcon.colcon_core.package_identification[0m [1;30mLevel 1[0m _identify(integrations/dreame/vacuum) by extension 'ignore'
[2.274s] [34mcolcon.colcon_core.package_identification[0m [1;30mLevel 1[0m _identify(integrations/dreame/vacuum) by extension 'ignore_ament_install'
[2.274s] [34mcolcon.colcon_core.package_identification[0m [1;30mLevel 1[0m _identify(integrations/dreame/vacuum) by extensions ['colcon_pkg']
[2.274s] [34mcolcon.colcon_core.package_identification[0m [1;30mLevel 1[0m _identify(integrations/dreame/vacuum) by extension 'colcon_pkg'
[2.274s] [34mcolcon.colcon_core.package_identification[0m [1;30mLevel 1[0m _identify(integrations/dreame/vacuum) by extensions ['colcon_meta']
[2.274s] [34mcolcon.colcon_core.package_identification[0m [1;30mLevel 1[0m _identify(integrations/dreame/vacuum) by extension 'colcon_meta'
[2.275s] [34mcolcon.colcon_core.package_identification[0m [1;30mLevel 1[0m _identify(integrations/dreame/vacuum) by extensions ['ros']
[2.275s] [34mcolcon.colcon_core.package_identification[0m [1;30mLevel 1[0m _identify(integrations/dreame/vacuum) by extension 'ros'
[2.275s] [34mcolcon.colcon_core.package_identification[0m [1;30mLevel 1[0m _identify(integrations/dreame/vacuum) by extensions ['cmake', 'python']
[2.275s] [34mcolcon.colcon_core.package_identification[0m [1;30mLevel 1[0m _identify(integrations/dreame/vacuum) by extension 'cmake'
[2.276s] [34mcolcon.colcon_core.package_identification[0m [1;30mLevel 1[0m _identify(integrations/dreame/vacuum) by extension 'python'
[2.276s] [34mcolcon.colcon_core.package_identification[0m [1;30mLevel 1[0m _identify(integrations/dreame/vacuum) by extensions ['python_setup_py']
[2.276s] [34mcolcon.colcon_core.package_identification[0m [1;30mLevel 1[0m _identify(integrations/dreame/vacuum) by extension 'python_setup_py'
[2.277s] [34mcolcon.colcon_core.package_identification[0m [1;30mLevel 1[0m _identify(integrations/dreame/vacuum/__pycache__) by extensions ['ignore', 'ignore_ament_install']
[2.277s] [34mcolcon.colcon_core.package_identification[0m [1;30mLevel 1[0m _identify(integrations/dreame/vacuum/__pycache__) by extension 'ignore'
[2.277s] [34mcolcon.colcon_core.package_identification[0m [1;30mLevel 1[0m _identify(integrations/dreame/vacuum/__pycache__) by extension 'ignore_ament_install'
[2.278s] [34mcolcon.colcon_core.package_identification[0m [1;30mLevel 1[0m _identify(integrations/dreame/vacuum/__pycache__) by extensions ['colcon_pkg']
[2.278s] [34mcolcon.colcon_core.package_identification[0m [1;30mLevel 1[0m _identify(integrations/dreame/vacuum/__pycache__) by extension 'colcon_pkg'
[2.278s] [34mcolcon.colcon_core.package_identification[0m [1;30mLevel 1[0m _identify(integrations/dreame/vacuum/__pycache__) by extensions ['colcon_meta']
[2.278s] [34mcolcon.colcon_core.package_identification[0m [1;30mLevel 1[0m _identify(integrations/dreame/vacuum/__pycache__) by extension 'colcon_meta'
[2.279s] [34mcolcon.colcon_core.package_identification[0m [1;30mLevel 1[0m _identify(integrations/dreame/vacuum/__pycache__) by extensions ['ros']
[2.279s] [34mcolcon.colcon_core.package_identification[0m [1;30mLevel 1[0m _identify(integrations/dreame/vacuum/__pycache__) by extension 'ros'
[2.279s] [34mcolcon.colcon_core.package_identification[0m [1;30mLevel 1[0m _identify(integrations/dreame/vacuum/__pycache__) by extensions ['cmake', 'python']
[2.279s] [34mcolcon.colcon_core.package_identification[0m [1;30mLevel 1[0m _identify(integrations/dreame/vacuum/__pycache__) by extension 'cmake'
[2.279s] [34mcolcon.colcon_core.package_identification[0m [1;30mLevel 1[0m _identify(integrations/dreame/vacuum/__pycache__) by extension 'python'
[2.280s] [34mcolcon.colcon_core.package_identification[0m [1;30mLevel 1[0m _identify(integrations/dreame/vacuum/__pycache__) by extensions ['python_setup_py']
[2.280s] [34mcolcon.colcon_core.package_identification[0m [1;30mLevel 1[0m _identify(integrations/dreame/vacuum/__pycache__) by extension 'python_setup_py'
[2.281s] [34mcolcon.colcon_core.package_identification[0m [1;30mLevel 1[0m _identify(integrations/dreame/vacuum/tests) by extensions ['ignore', 'ignore_ament_install']
[2.281s] [34mcolcon.colcon_core.package_identification[0m [1;30mLevel 1[0m _identify(integrations/dreame/vacuum/tests) by extension 'ignore'
[2.282s] [34mcolcon.colcon_core.package_identification[0m [1;30mLevel 1[0m _identify(integrations/dreame/vacuum/tests) by extension 'ignore_ament_install'
[2.282s] [34mcolcon.colcon_core.package_identification[0m [1;30mLevel 1[0m _identify(integrations/dreame/vacuum/tests) by extensions ['colcon_pkg']
[2.282s] [34mcolcon.colcon_core.package_identification[0m [1;30mLevel 1[0m _identify(integrations/dreame/vacuum/tests) by extension 'colcon_pkg'
[2.282s] [34mcolcon.colcon_core.package_identification[0m [1;30mLevel 1[0m _identify(integrations/dreame/vacuum/tests) by extensions ['colcon_meta']
[2.282s] [34mcolcon.colcon_core.package_identification[0m [1;30mLevel 1[0m _identify(integrations/dreame/vacuum/tests) by extension 'colcon_meta'
[2.283s] [34mcolcon.colcon_core.package_identification[0m [1;30mLevel 1[0m _identify(integrations/dreame/vacuum/tests) by extensions ['ros']
[2.283s] [34mcolcon.colcon_core.package_identification[0m [1;30mLevel 1[0m _identify(integrations/dreame/vacuum/tests) by extension 'ros'
[2.283s] [34mcolcon.colcon_core.package_identification[0m [1;30mLevel 1[0m _identify(integrations/dreame/vacuum/tests) by extensions ['cmake', 'python']
[2.283s] [34mcolcon.colcon_core.package_identification[0m [1;30mLevel 1[0m _identify(integrations/dreame/vacuum/tests) by extension 'cmake'
[2.283s] [34mcolcon.colcon_core.package_identification[0m [1;30mLevel 1[0m _identify(integrations/dreame/vacuum/tests) by extension 'python'
[2.284s] [34mcolcon.colcon_core.package_identification[0m [1;30mLevel 1[0m _identify(integrations/dreame/vacuum/tests) by extensions ['python_setup_py']
[2.284s] [34mcolcon.colcon_core.package_identification[0m [1;30mLevel 1[0m _identify(integrations/dreame/vacuum/tests) by extension 'python_setup_py'
[2.285s] [34mcolcon.colcon_core.package_identification[0m [1;30mLevel 1[0m _identify(integrations/genericmiot) by extensions ['ignore', 'ignore_ament_install']
[2.285s] [34mcolcon.colcon_core.package_identification[0m [1;30mLevel 1[0m _identify(integrations/genericmiot) by extension 'ignore'
[2.285s] [34mcolcon.colcon_core.package_identification[0m [1;30mLevel 1[0m _identify(integrations/genericmiot) by extension 'ignore_ament_install'
[2.286s] [34mcolcon.colcon_core.package_identification[0m [1;30mLevel 1[0m _identify(integrations/genericmiot) by extensions ['colcon_pkg']
[2.286s] [34mcolcon.colcon_core.package_identification[0m [1;30mLevel 1[0m _identify(integrations/genericmiot) by extension 'colcon_pkg'
[2.286s] [34mcolcon.colcon_core.package_identification[0m [1;30mLevel 1[0m _identify(integrations/genericmiot) by extensions ['colcon_meta']
[2.286s] [34mcolcon.colcon_core.package_identification[0m [1;30mLevel 1[0m _identify(integrations/genericmiot) by extension 'colcon_meta'
[2.286s] [34mcolcon.colcon_core.package_identification[0m [1;30mLevel 1[0m _identify(integrations/genericmiot) by extensions ['ros']
[2.286s] [34mcolcon.colcon_core.package_identification[0m [1;30mLevel 1[0m _identify(integrations/genericmiot) by extension 'ros'
[2.287s] [34mcolcon.colcon_core.package_identification[0m [1;30mLevel 1[0m _identify(integrations/genericmiot) by extensions ['cmake', 'python']
[2.287s] [34mcolcon.colcon_core.package_identification[0m [1;30mLevel 1[0m _identify(integrations/genericmiot) by extension 'cmake'
[2.287s] [34mcolcon.colcon_core.package_identification[0m [1;30mLevel 1[0m _identify(integrations/genericmiot) by extension 'python'
[2.287s] [34mcolcon.colcon_core.package_identification[0m [1;30mLevel 1[0m _identify(integrations/genericmiot) by extensions ['python_setup_py']
[2.287s] [34mcolcon.colcon_core.package_identification[0m [1;30mLevel 1[0m _identify(integrations/genericmiot) by extension 'python_setup_py'
[2.288s] [34mcolcon.colcon_core.package_identification[0m [1;30mLevel 1[0m _identify(integrations/genericmiot/__pycache__) by extensions ['ignore', 'ignore_ament_install']
[2.289s] [34mcolcon.colcon_core.package_identification[0m [1;30mLevel 1[0m _identify(integrations/genericmiot/__pycache__) by extension 'ignore'
[2.289s] [34mcolcon.colcon_core.package_identification[0m [1;30mLevel 1[0m _identify(integrations/genericmiot/__pycache__) by extension 'ignore_ament_install'
[2.289s] [34mcolcon.colcon_core.package_identification[0m [1;30mLevel 1[0m _identify(integrations/genericmiot/__pycache__) by extensions ['colcon_pkg']
[2.289s] [34mcolcon.colcon_core.package_identification[0m [1;30mLevel 1[0m _identify(integrations/genericmiot/__pycache__) by extension 'colcon_pkg'
[2.290s] [34mcolcon.colcon_core.package_identification[0m [1;30mLevel 1[0m _identify(integrations/genericmiot/__pycache__) by extensions ['colcon_meta']
[2.290s] [34mcolcon.colcon_core.package_identification[0m [1;30mLevel 1[0m _identify(integrations/genericmiot/__pycache__) by extension 'colcon_meta'
[2.290s] [34mcolcon.colcon_core.package_identification[0m [1;30mLevel 1[0m _identify(integrations/genericmiot/__pycache__) by extensions ['ros']
[2.290s] [34mcolcon.colcon_core.package_identification[0m [1;30mLevel 1[0m _identify(integrations/genericmiot/__pycache__) by extension 'ros'
[2.291s] [34mcolcon.colcon_core.package_identification[0m [1;30mLevel 1[0m _identify(integrations/genericmiot/__pycache__) by extensions ['cmake', 'python']
[2.291s] [34mcolcon.colcon_core.package_identification[0m [1;30mLevel 1[0m _identify(integrations/genericmiot/__pycache__) by extension 'cmake'
[2.291s] [34mcolcon.colcon_core.package_identification[0m [1;30mLevel 1[0m _identify(integrations/genericmiot/__pycache__) by extension 'python'
[2.291s] [34mcolcon.colcon_core.package_identification[0m [1;30mLevel 1[0m _identify(integrations/genericmiot/__pycache__) by extensions ['python_setup_py']
[2.291s] [34mcolcon.colcon_core.package_identification[0m [1;30mLevel 1[0m _identify(integrations/genericmiot/__pycache__) by extension 'python_setup_py'
[2.292s] [34mcolcon.colcon_core.package_identification[0m [1;30mLevel 1[0m _identify(integrations/genericmiot/tests) by extensions ['ignore', 'ignore_ament_install']
[2.293s] [34mcolcon.colcon_core.package_identification[0m [1;30mLevel 1[0m _identify(integrations/genericmiot/tests) by extension 'ignore'
[2.293s] [34mcolcon.colcon_core.package_identification[0m [1;30mLevel 1[0m _identify(integrations/genericmiot/tests) by extension 'ignore_ament_install'
[2.293s] [34mcolcon.colcon_core.package_identification[0m [1;30mLevel 1[0m _identify(integrations/genericmiot/tests) by extensions ['colcon_pkg']
[2.293s] [34mcolcon.colcon_core.package_identification[0m [1;30mLevel 1[0m _identify(integrations/genericmiot/tests) by extension 'colcon_pkg'
[2.293s] [34mcolcon.colcon_core.package_identification[0m [1;30mLevel 1[0m _identify(integrations/genericmiot/tests) by extensions ['colcon_meta']
[2.294s] [34mcolcon.colcon_core.package_identification[0m [1;30mLevel 1[0m _identify(integrations/genericmiot/tests) by extension 'colcon_meta'
[2.294s] [34mcolcon.colcon_core.package_identification[0m [1;30mLevel 1[0m _identify(integrations/genericmiot/tests) by extensions ['ros']
[2.294s] [34mcolcon.colcon_core.package_identification[0m [1;30mLevel 1[0m _identify(integrations/genericmiot/tests) by extension 'ros'
[2.294s] [34mcolcon.colcon_core.package_identification[0m [1;30mLevel 1[0m _identify(integrations/genericmiot/tests) by extensions ['cmake', 'python']
[2.294s] [34mcolcon.colcon_core.package_identification[0m [1;30mLevel 1[0m _identify(integrations/genericmiot/tests) by extension 'cmake'
[2.295s] [34mcolcon.colcon_core.package_identification[0m [1;30mLevel 1[0m _identify(integrations/genericmiot/tests) by extension 'python'
[2.295s] [34mcolcon.colcon_core.package_identification[0m [1;30mLevel 1[0m _identify(integrations/genericmiot/tests) by extensions ['python_setup_py']
[2.295s] [34mcolcon.colcon_core.package_identification[0m [1;30mLevel 1[0m _identify(integrations/genericmiot/tests) by extension 'python_setup_py'
[2.296s] [34mcolcon.colcon_core.package_identification[0m [1;30mLevel 1[0m _identify(integrations/huayi) by extensions ['ignore', 'ignore_ament_install']
[2.296s] [34mcolcon.colcon_core.package_identification[0m [1;30mLevel 1[0m _identify(integrations/huayi) by extension 'ignore'
[2.297s] [34mcolcon.colcon_core.package_identification[0m [1;30mLevel 1[0m _identify(integrations/huayi) by extension 'ignore_ament_install'
[2.297s] [34mcolcon.colcon_core.package_identification[0m [1;30mLevel 1[0m _identify(integrations/huayi) by extensions ['colcon_pkg']
[2.297s] [34mcolcon.colcon_core.package_identification[0m [1;30mLevel 1[0m _identify(integrations/huayi) by extension 'colcon_pkg'
[2.297s] [34mcolcon.colcon_core.package_identification[0m [1;30mLevel 1[0m _identify(integrations/huayi) by extensions ['colcon_meta']
[2.297s] [34mcolcon.colcon_core.package_identification[0m [1;30mLevel 1[0m _identify(integrations/huayi) by extension 'colcon_meta'
[2.297s] [34mcolcon.colcon_core.package_identification[0m [1;30mLevel 1[0m _identify(integrations/huayi) by extensions ['ros']
[2.298s] [34mcolcon.colcon_core.package_identification[0m [1;30mLevel 1[0m _identify(integrations/huayi) by extension 'ros'
[2.298s] [34mcolcon.colcon_core.package_identification[0m [1;30mLevel 1[0m _identify(integrations/huayi) by extensions ['cmake', 'python']
[2.298s] [34mcolcon.colcon_core.package_identification[0m [1;30mLevel 1[0m _identify(integrations/huayi) by extension 'cmake'
[2.298s] [34mcolcon.colcon_core.package_identification[0m [1;30mLevel 1[0m _identify(integrations/huayi) by extension 'python'
[2.299s] [34mcolcon.colcon_core.package_identification[0m [1;30mLevel 1[0m _identify(integrations/huayi) by extensions ['python_setup_py']
[2.299s] [34mcolcon.colcon_core.package_identification[0m [1;30mLevel 1[0m _identify(integrations/huayi) by extension 'python_setup_py'
[2.300s] [34mcolcon.colcon_core.package_identification[0m [1;30mLevel 1[0m _identify(integrations/huayi/__pycache__) by extensions ['ignore', 'ignore_ament_install']
[2.300s] [34mcolcon.colcon_core.package_identification[0m [1;30mLevel 1[0m _identify(integrations/huayi/__pycache__) by extension 'ignore'
[2.300s] [34mcolcon.colcon_core.package_identification[0m [1;30mLevel 1[0m _identify(integrations/huayi/__pycache__) by extension 'ignore_ament_install'
[2.300s] [34mcolcon.colcon_core.package_identification[0m [1;30mLevel 1[0m _identify(integrations/huayi/__pycache__) by extensions ['colcon_pkg']
[2.301s] [34mcolcon.colcon_core.package_identification[0m [1;30mLevel 1[0m _identify(integrations/huayi/__pycache__) by extension 'colcon_pkg'
[2.301s] [34mcolcon.colcon_core.package_identification[0m [1;30mLevel 1[0m _identify(integrations/huayi/__pycache__) by extensions ['colcon_meta']
[2.301s] [34mcolcon.colcon_core.package_identification[0m [1;30mLevel 1[0m _identify(integrations/huayi/__pycache__) by extension 'colcon_meta'
[2.301s] [34mcolcon.colcon_core.package_identification[0m [1;30mLevel 1[0m _identify(integrations/huayi/__pycache__) by extensions ['ros']
[2.301s] [34mcolcon.colcon_core.package_identification[0m [1;30mLevel 1[0m _identify(integrations/huayi/__pycache__) by extension 'ros'
[2.302s] [34mcolcon.colcon_core.package_identification[0m [1;30mLevel 1[0m _identify(integrations/huayi/__pycache__) by extensions ['cmake', 'python']
[2.302s] [34mcolcon.colcon_core.package_identification[0m [1;30mLevel 1[0m _identify(integrations/huayi/__pycache__) by extension 'cmake'
[2.302s] [34mcolcon.colcon_core.package_identification[0m [1;30mLevel 1[0m _identify(integrations/huayi/__pycache__) by extension 'python'
[2.303s] [34mcolcon.colcon_core.package_identification[0m [1;30mLevel 1[0m _identify(integrations/huayi/__pycache__) by extensions ['python_setup_py']
[2.303s] [34mcolcon.colcon_core.package_identification[0m [1;30mLevel 1[0m _identify(integrations/huayi/__pycache__) by extension 'python_setup_py'
[2.304s] [34mcolcon.colcon_core.package_identification[0m [1;30mLevel 1[0m _identify(integrations/huayi/light) by extensions ['ignore', 'ignore_ament_install']
[2.304s] [34mcolcon.colcon_core.package_identification[0m [1;30mLevel 1[0m _identify(integrations/huayi/light) by extension 'ignore'
[2.304s] [34mcolcon.colcon_core.package_identification[0m [1;30mLevel 1[0m _identify(integrations/huayi/light) by extension 'ignore_ament_install'
[2.305s] [34mcolcon.colcon_core.package_identification[0m [1;30mLevel 1[0m _identify(integrations/huayi/light) by extensions ['colcon_pkg']
[2.305s] [34mcolcon.colcon_core.package_identification[0m [1;30mLevel 1[0m _identify(integrations/huayi/light) by extension 'colcon_pkg'
[2.305s] [34mcolcon.colcon_core.package_identification[0m [1;30mLevel 1[0m _identify(integrations/huayi/light) by extensions ['colcon_meta']
[2.305s] [34mcolcon.colcon_core.package_identification[0m [1;30mLevel 1[0m _identify(integrations/huayi/light) by extension 'colcon_meta'
[2.305s] [34mcolcon.colcon_core.package_identification[0m [1;30mLevel 1[0m _identify(integrations/huayi/light) by extensions ['ros']
[2.305s] [34mcolcon.colcon_core.package_identification[0m [1;30mLevel 1[0m _identify(integrations/huayi/light) by extension 'ros'
[2.306s] [34mcolcon.colcon_core.package_identification[0m [1;30mLevel 1[0m _identify(integrations/huayi/light) by extensions ['cmake', 'python']
[2.306s] [34mcolcon.colcon_core.package_identification[0m [1;30mLevel 1[0m _identify(integrations/huayi/light) by extension 'cmake'
[2.306s] [34mcolcon.colcon_core.package_identification[0m [1;30mLevel 1[0m _identify(integrations/huayi/light) by extension 'python'
[2.306s] [34mcolcon.colcon_core.package_identification[0m [1;30mLevel 1[0m _identify(integrations/huayi/light) by extensions ['python_setup_py']
[2.307s] [34mcolcon.colcon_core.package_identification[0m [1;30mLevel 1[0m _identify(integrations/huayi/light) by extension 'python_setup_py'
[2.308s] [34mcolcon.colcon_core.package_identification[0m [1;30mLevel 1[0m _identify(integrations/huayi/light/__pycache__) by extensions ['ignore', 'ignore_ament_install']
[2.308s] [34mcolcon.colcon_core.package_identification[0m [1;30mLevel 1[0m _identify(integrations/huayi/light/__pycache__) by extension 'ignore'
[2.308s] [34mcolcon.colcon_core.package_identification[0m [1;30mLevel 1[0m _identify(integrations/huayi/light/__pycache__) by extension 'ignore_ament_install'
[2.309s] [34mcolcon.colcon_core.package_identification[0m [1;30mLevel 1[0m _identify(integrations/huayi/light/__pycache__) by extensions ['colcon_pkg']
[2.309s] [34mcolcon.colcon_core.package_identification[0m [1;30mLevel 1[0m _identify(integrations/huayi/light/__pycache__) by extension 'colcon_pkg'
[2.309s] [34mcolcon.colcon_core.package_identification[0m [1;30mLevel 1[0m _identify(integrations/huayi/light/__pycache__) by extensions ['colcon_meta']
[2.309s] [34mcolcon.colcon_core.package_identification[0m [1;30mLevel 1[0m _identify(integrations/huayi/light/__pycache__) by extension 'colcon_meta'
[2.309s] [34mcolcon.colcon_core.package_identification[0m [1;30mLevel 1[0m _identify(integrations/huayi/light/__pycache__) by extensions ['ros']
[2.309s] [34mcolcon.colcon_core.package_identification[0m [1;30mLevel 1[0m _identify(integrations/huayi/light/__pycache__) by extension 'ros'
[2.310s] [34mcolcon.colcon_core.package_identification[0m [1;30mLevel 1[0m _identify(integrations/huayi/light/__pycache__) by extensions ['cmake', 'python']
[2.310s] [34mcolcon.colcon_core.package_identification[0m [1;30mLevel 1[0m _identify(integrations/huayi/light/__pycache__) by extension 'cmake'
[2.310s] [34mcolcon.colcon_core.package_identification[0m [1;30mLevel 1[0m _identify(integrations/huayi/light/__pycache__) by extension 'python'
[2.310s] [34mcolcon.colcon_core.package_identification[0m [1;30mLevel 1[0m _identify(integrations/huayi/light/__pycache__) by extensions ['python_setup_py']
[2.310s] [34mcolcon.colcon_core.package_identification[0m [1;30mLevel 1[0m _identify(integrations/huayi/light/__pycache__) by extension 'python_setup_py'
[2.311s] [34mcolcon.colcon_core.package_identification[0m [1;30mLevel 1[0m _identify(integrations/ijai) by extensions ['ignore', 'ignore_ament_install']
[2.312s] [34mcolcon.colcon_core.package_identification[0m [1;30mLevel 1[0m _identify(integrations/ijai) by extension 'ignore'
[2.312s] [34mcolcon.colcon_core.package_identification[0m [1;30mLevel 1[0m _identify(integrations/ijai) by extension 'ignore_ament_install'
[2.313s] [34mcolcon.colcon_core.package_identification[0m [1;30mLevel 1[0m _identify(integrations/ijai) by extensions ['colcon_pkg']
[2.313s] [34mcolcon.colcon_core.package_identification[0m [1;30mLevel 1[0m _identify(integrations/ijai) by extension 'colcon_pkg'
[2.313s] [34mcolcon.colcon_core.package_identification[0m [1;30mLevel 1[0m _identify(integrations/ijai) by extensions ['colcon_meta']
[2.313s] [34mcolcon.colcon_core.package_identification[0m [1;30mLevel 1[0m _identify(integrations/ijai) by extension 'colcon_meta'
[2.313s] [34mcolcon.colcon_core.package_identification[0m [1;30mLevel 1[0m _identify(integrations/ijai) by extensions ['ros']
[2.313s] [34mcolcon.colcon_core.package_identification[0m [1;30mLevel 1[0m _identify(integrations/ijai) by extension 'ros'
[2.314s] [34mcolcon.colcon_core.package_identification[0m [1;30mLevel 1[0m _identify(integrations/ijai) by extensions ['cmake', 'python']
[2.314s] [34mcolcon.colcon_core.package_identification[0m [1;30mLevel 1[0m _identify(integrations/ijai) by extension 'cmake'
[2.314s] [34mcolcon.colcon_core.package_identification[0m [1;30mLevel 1[0m _identify(integrations/ijai) by extension 'python'
[2.314s] [34mcolcon.colcon_core.package_identification[0m [1;30mLevel 1[0m _identify(integrations/ijai) by extensions ['python_setup_py']
[2.314s] [34mcolcon.colcon_core.package_identification[0m [1;30mLevel 1[0m _identify(integrations/ijai) by extension 'python_setup_py'
[2.315s] [34mcolcon.colcon_core.package_identification[0m [1;30mLevel 1[0m _identify(integrations/ijai/__pycache__) by extensions ['ignore', 'ignore_ament_install']
[2.316s] [34mcolcon.colcon_core.package_identification[0m [1;30mLevel 1[0m _identify(integrations/ijai/__pycache__) by extension 'ignore'
[2.316s] [34mcolcon.colcon_core.package_identification[0m [1;30mLevel 1[0m _identify(integrations/ijai/__pycache__) by extension 'ignore_ament_install'
[2.316s] [34mcolcon.colcon_core.package_identification[0m [1;30mLevel 1[0m _identify(integrations/ijai/__pycache__) by extensions ['colcon_pkg']
[2.316s] [34mcolcon.colcon_core.package_identification[0m [1;30mLevel 1[0m _identify(integrations/ijai/__pycache__) by extension 'colcon_pkg'
[2.316s] [34mcolcon.colcon_core.package_identification[0m [1;30mLevel 1[0m _identify(integrations/ijai/__pycache__) by extensions ['colcon_meta']
[2.317s] [34mcolcon.colcon_core.package_identification[0m [1;30mLevel 1[0m _identify(integrations/ijai/__pycache__) by extension 'colcon_meta'
[2.317s] [34mcolcon.colcon_core.package_identification[0m [1;30mLevel 1[0m _identify(integrations/ijai/__pycache__) by extensions ['ros']
[2.317s] [34mcolcon.colcon_core.package_identification[0m [1;30mLevel 1[0m _identify(integrations/ijai/__pycache__) by extension 'ros'
[2.317s] [34mcolcon.colcon_core.package_identification[0m [1;30mLevel 1[0m _identify(integrations/ijai/__pycache__) by extensions ['cmake', 'python']
[2.318s] [34mcolcon.colcon_core.package_identification[0m [1;30mLevel 1[0m _identify(integrations/ijai/__pycache__) by extension 'cmake'
[2.318s] [34mcolcon.colcon_core.package_identification[0m [1;30mLevel 1[0m _identify(integrations/ijai/__pycache__) by extension 'python'
[2.318s] [34mcolcon.colcon_core.package_identification[0m [1;30mLevel 1[0m _identify(integrations/ijai/__pycache__) by extensions ['python_setup_py']
[2.318s] [34mcolcon.colcon_core.package_identification[0m [1;30mLevel 1[0m _identify(integrations/ijai/__pycache__) by extension 'python_setup_py'
[2.319s] [34mcolcon.colcon_core.package_identification[0m [1;30mLevel 1[0m _identify(integrations/ijai/vacuum) by extensions ['ignore', 'ignore_ament_install']
[2.319s] [34mcolcon.colcon_core.package_identification[0m [1;30mLevel 1[0m _identify(integrations/ijai/vacuum) by extension 'ignore'
[2.320s] [34mcolcon.colcon_core.package_identification[0m [1;30mLevel 1[0m _identify(integrations/ijai/vacuum) by extension 'ignore_ament_install'
[2.320s] [34mcolcon.colcon_core.package_identification[0m [1;30mLevel 1[0m _identify(integrations/ijai/vacuum) by extensions ['colcon_pkg']
[2.320s] [34mcolcon.colcon_core.package_identification[0m [1;30mLevel 1[0m _identify(integrations/ijai/vacuum) by extension 'colcon_pkg'
[2.320s] [34mcolcon.colcon_core.package_identification[0m [1;30mLevel 1[0m _identify(integrations/ijai/vacuum) by extensions ['colcon_meta']
[2.320s] [34mcolcon.colcon_core.package_identification[0m [1;30mLevel 1[0m _identify(integrations/ijai/vacuum) by extension 'colcon_meta'
[2.321s] [34mcolcon.colcon_core.package_identification[0m [1;30mLevel 1[0m _identify(integrations/ijai/vacuum) by extensions ['ros']
[2.321s] [34mcolcon.colcon_core.package_identification[0m [1;30mLevel 1[0m _identify(integrations/ijai/vacuum) by extension 'ros'
[2.321s] [34mcolcon.colcon_core.package_identification[0m [1;30mLevel 1[0m _identify(integrations/ijai/vacuum) by extensions ['cmake', 'python']
[2.321s] [34mcolcon.colcon_core.package_identification[0m [1;30mLevel 1[0m _identify(integrations/ijai/vacuum) by extension 'cmake'
[2.322s] [34mcolcon.colcon_core.package_identification[0m [1;30mLevel 1[0m _identify(integrations/ijai/vacuum) by extension 'python'
[2.322s] [34mcolcon.colcon_core.package_identification[0m [1;30mLevel 1[0m _identify(integrations/ijai/vacuum) by extensions ['python_setup_py']
[2.322s] [34mcolcon.colcon_core.package_identification[0m [1;30mLevel 1[0m _identify(integrations/ijai/vacuum) by extension 'python_setup_py'
[2.323s] [34mcolcon.colcon_core.package_identification[0m [1;30mLevel 1[0m _identify(integrations/ijai/vacuum/__pycache__) by extensions ['ignore', 'ignore_ament_install']
[2.324s] [34mcolcon.colcon_core.package_identification[0m [1;30mLevel 1[0m _identify(integrations/ijai/vacuum/__pycache__) by extension 'ignore'
[2.324s] [34mcolcon.colcon_core.package_identification[0m [1;30mLevel 1[0m _identify(integrations/ijai/vacuum/__pycache__) by extension 'ignore_ament_install'
[2.324s] [34mcolcon.colcon_core.package_identification[0m [1;30mLevel 1[0m _identify(integrations/ijai/vacuum/__pycache__) by extensions ['colcon_pkg']
[2.324s] [34mcolcon.colcon_core.package_identification[0m [1;30mLevel 1[0m _identify(integrations/ijai/vacuum/__pycache__) by extension 'colcon_pkg'
[2.324s] [34mcolcon.colcon_core.package_identification[0m [1;30mLevel 1[0m _identify(integrations/ijai/vacuum/__pycache__) by extensions ['colcon_meta']
[2.325s] [34mcolcon.colcon_core.package_identification[0m [1;30mLevel 1[0m _identify(integrations/ijai/vacuum/__pycache__) by extension 'colcon_meta'
[2.325s] [34mcolcon.colcon_core.package_identification[0m [1;30mLevel 1[0m _identify(integrations/ijai/vacuum/__pycache__) by extensions ['ros']
[2.325s] [34mcolcon.colcon_core.package_identification[0m [1;30mLevel 1[0m _identify(integrations/ijai/vacuum/__pycache__) by extension 'ros'
[2.325s] [34mcolcon.colcon_core.package_identification[0m [1;30mLevel 1[0m _identify(integrations/ijai/vacuum/__pycache__) by extensions ['cmake', 'python']
[2.325s] [34mcolcon.colcon_core.package_identification[0m [1;30mLevel 1[0m _identify(integrations/ijai/vacuum/__pycache__) by extension 'cmake'
[2.326s] [34mcolcon.colcon_core.package_identification[0m [1;30mLevel 1[0m _identify(integrations/ijai/vacuum/__pycache__) by extension 'python'
[2.326s] [34mcolcon.colcon_core.package_identification[0m [1;30mLevel 1[0m _identify(integrations/ijai/vacuum/__pycache__) by extensions ['python_setup_py']
[2.326s] [34mcolcon.colcon_core.package_identification[0m [1;30mLevel 1[0m _identify(integrations/ijai/vacuum/__pycache__) by extension 'python_setup_py'
[2.327s] [34mcolcon.colcon_core.package_identification[0m [1;30mLevel 1[0m _identify(integrations/ksmb) by extensions ['ignore', 'ignore_ament_install']
[2.328s] [34mcolcon.colcon_core.package_identification[0m [1;30mLevel 1[0m _identify(integrations/ksmb) by extension 'ignore'
[2.328s] [34mcolcon.colcon_core.package_identification[0m [1;30mLevel 1[0m _identify(integrations/ksmb) by extension 'ignore_ament_install'
[2.328s] [34mcolcon.colcon_core.package_identification[0m [1;30mLevel 1[0m _identify(integrations/ksmb) by extensions ['colcon_pkg']
[2.328s] [34mcolcon.colcon_core.package_identification[0m [1;30mLevel 1[0m _identify(integrations/ksmb) by extension 'colcon_pkg'
[2.328s] [34mcolcon.colcon_core.package_identification[0m [1;30mLevel 1[0m _identify(integrations/ksmb) by extensions ['colcon_meta']
[2.329s] [34mcolcon.colcon_core.package_identification[0m [1;30mLevel 1[0m _identify(integrations/ksmb) by extension 'colcon_meta'
[2.329s] [34mcolcon.colcon_core.package_identification[0m [1;30mLevel 1[0m _identify(integrations/ksmb) by extensions ['ros']
[2.329s] [34mcolcon.colcon_core.package_identification[0m [1;30mLevel 1[0m _identify(integrations/ksmb) by extension 'ros'
[2.329s] [34mcolcon.colcon_core.package_identification[0m [1;30mLevel 1[0m _identify(integrations/ksmb) by extensions ['cmake', 'python']
[2.329s] [34mcolcon.colcon_core.package_identification[0m [1;30mLevel 1[0m _identify(integrations/ksmb) by extension 'cmake'
[2.330s] [34mcolcon.colcon_core.package_identification[0m [1;30mLevel 1[0m _identify(integrations/ksmb) by extension 'python'
[2.330s] [34mcolcon.colcon_core.package_identification[0m [1;30mLevel 1[0m _identify(integrations/ksmb) by extensions ['python_setup_py']
[2.330s] [34mcolcon.colcon_core.package_identification[0m [1;30mLevel 1[0m _identify(integrations/ksmb) by extension 'python_setup_py'
[2.331s] [34mcolcon.colcon_core.package_identification[0m [1;30mLevel 1[0m _identify(integrations/ksmb/__pycache__) by extensions ['ignore', 'ignore_ament_install']
[2.331s] [34mcolcon.colcon_core.package_identification[0m [1;30mLevel 1[0m _identify(integrations/ksmb/__pycache__) by extension 'ignore'
[2.332s] [34mcolcon.colcon_core.package_identification[0m [1;30mLevel 1[0m _identify(integrations/ksmb/__pycache__) by extension 'ignore_ament_install'
[2.332s] [34mcolcon.colcon_core.package_identification[0m [1;30mLevel 1[0m _identify(integrations/ksmb/__pycache__) by extensions ['colcon_pkg']
[2.332s] [34mcolcon.colcon_core.package_identification[0m [1;30mLevel 1[0m _identify(integrations/ksmb/__pycache__) by extension 'colcon_pkg'
[2.332s] [34mcolcon.colcon_core.package_identification[0m [1;30mLevel 1[0m _identify(integrations/ksmb/__pycache__) by extensions ['colcon_meta']
[2.332s] [34mcolcon.colcon_core.package_identification[0m [1;30mLevel 1[0m _identify(integrations/ksmb/__pycache__) by extension 'colcon_meta'
[2.333s] [34mcolcon.colcon_core.package_identification[0m [1;30mLevel 1[0m _identify(integrations/ksmb/__pycache__) by extensions ['ros']
[2.333s] [34mcolcon.colcon_core.package_identification[0m [1;30mLevel 1[0m _identify(integrations/ksmb/__pycache__) by extension 'ros'
[2.333s] [34mcolcon.colcon_core.package_identification[0m [1;30mLevel 1[0m _identify(integrations/ksmb/__pycache__) by extensions ['cmake', 'python']
[2.333s] [34mcolcon.colcon_core.package_identification[0m [1;30mLevel 1[0m _identify(integrations/ksmb/__pycache__) by extension 'cmake'
[2.334s] [34mcolcon.colcon_core.package_identification[0m [1;30mLevel 1[0m _identify(integrations/ksmb/__pycache__) by extension 'python'
[2.334s] [34mcolcon.colcon_core.package_identification[0m [1;30mLevel 1[0m _identify(integrations/ksmb/__pycache__) by extensions ['python_setup_py']
[2.334s] [34mcolcon.colcon_core.package_identification[0m [1;30mLevel 1[0m _identify(integrations/ksmb/__pycache__) by extension 'python_setup_py'
[2.335s] [34mcolcon.colcon_core.package_identification[0m [1;30mLevel 1[0m _identify(integrations/ksmb/walkingpad) by extensions ['ignore', 'ignore_ament_install']
[2.335s] [34mcolcon.colcon_core.package_identification[0m [1;30mLevel 1[0m _identify(integrations/ksmb/walkingpad) by extension 'ignore'
[2.336s] [34mcolcon.colcon_core.package_identification[0m [1;30mLevel 1[0m _identify(integrations/ksmb/walkingpad) by extension 'ignore_ament_install'
[2.336s] [34mcolcon.colcon_core.package_identification[0m [1;30mLevel 1[0m _identify(integrations/ksmb/walkingpad) by extensions ['colcon_pkg']
[2.336s] [34mcolcon.colcon_core.package_identification[0m [1;30mLevel 1[0m _identify(integrations/ksmb/walkingpad) by extension 'colcon_pkg'
[2.337s] [34mcolcon.colcon_core.package_identification[0m [1;30mLevel 1[0m _identify(integrations/ksmb/walkingpad) by extensions ['colcon_meta']
[2.337s] [34mcolcon.colcon_core.package_identification[0m [1;30mLevel 1[0m _identify(integrations/ksmb/walkingpad) by extension 'colcon_meta'
[2.337s] [34mcolcon.colcon_core.package_identification[0m [1;30mLevel 1[0m _identify(integrations/ksmb/walkingpad) by extensions ['ros']
[2.338s] [34mcolcon.colcon_core.package_identification[0m [1;30mLevel 1[0m _identify(integrations/ksmb/walkingpad) by extension 'ros'
[2.339s] [34mcolcon.colcon_core.package_identification[0m [1;30mLevel 1[0m _identify(integrations/ksmb/walkingpad) by extensions ['cmake', 'python']
[2.340s] [34mcolcon.colcon_core.package_identification[0m [1;30mLevel 1[0m _identify(integrations/ksmb/walkingpad) by extension 'cmake'
[2.341s] [34mcolcon.colcon_core.package_identification[0m [1;30mLevel 1[0m _identify(integrations/ksmb/walkingpad) by extension 'python'
[2.341s] [34mcolcon.colcon_core.package_identification[0m [1;30mLevel 1[0m _identify(integrations/ksmb/walkingpad) by extensions ['python_setup_py']
[2.342s] [34mcolcon.colcon_core.package_identification[0m [1;30mLevel 1[0m _identify(integrations/ksmb/walkingpad) by extension 'python_setup_py'
[2.345s] [34mcolcon.colcon_core.package_identification[0m [1;30mLevel 1[0m _identify(integrations/ksmb/walkingpad/__pycache__) by extensions ['ignore', 'ignore_ament_install']
[2.347s] [34mcolcon.colcon_core.package_identification[0m [1;30mLevel 1[0m _identify(integrations/ksmb/walkingpad/__pycache__) by extension 'ignore'
[2.347s] [34mcolcon.colcon_core.package_identification[0m [1;30mLevel 1[0m _identify(integrations/ksmb/walkingpad/__pycache__) by extension 'ignore_ament_install'
[2.348s] [34mcolcon.colcon_core.package_identification[0m [1;30mLevel 1[0m _identify(integrations/ksmb/walkingpad/__pycache__) by extensions ['colcon_pkg']
[2.349s] [34mcolcon.colcon_core.package_identification[0m [1;30mLevel 1[0m _identify(integrations/ksmb/walkingpad/__pycache__) by extension 'colcon_pkg'
[2.349s] [34mcolcon.colcon_core.package_identification[0m [1;30mLevel 1[0m _identify(integrations/ksmb/walkingpad/__pycache__) by extensions ['colcon_meta']
[2.350s] [34mcolcon.colcon_core.package_identification[0m [1;30mLevel 1[0m _identify(integrations/ksmb/walkingpad/__pycache__) by extension 'colcon_meta'
[2.350s] [34mcolcon.colcon_core.package_identification[0m [1;30mLevel 1[0m _identify(integrations/ksmb/walkingpad/__pycache__) by extensions ['ros']
[2.351s] [34mcolcon.colcon_core.package_identification[0m [1;30mLevel 1[0m _identify(integrations/ksmb/walkingpad/__pycache__) by extension 'ros'
[2.351s] [34mcolcon.colcon_core.package_identification[0m [1;30mLevel 1[0m _identify(integrations/ksmb/walkingpad/__pycache__) by extensions ['cmake', 'python']
[2.352s] [34mcolcon.colcon_core.package_identification[0m [1;30mLevel 1[0m _identify(integrations/ksmb/walkingpad/__pycache__) by extension 'cmake'
[2.352s] [34mcolcon.colcon_core.package_identification[0m [1;30mLevel 1[0m _identify(integrations/ksmb/walkingpad/__pycache__) by extension 'python'
[2.352s] [34mcolcon.colcon_core.package_identification[0m [1;30mLevel 1[0m _identify(integrations/ksmb/walkingpad/__pycache__) by extensions ['python_setup_py']
[2.352s] [34mcolcon.colcon_core.package_identification[0m [1;30mLevel 1[0m _identify(integrations/ksmb/walkingpad/__pycache__) by extension 'python_setup_py'
[2.354s] [34mcolcon.colcon_core.package_identification[0m [1;30mLevel 1[0m _identify(integrations/leshow) by extensions ['ignore', 'ignore_ament_install']
[2.354s] [34mcolcon.colcon_core.package_identification[0m [1;30mLevel 1[0m _identify(integrations/leshow) by extension 'ignore'
[2.355s] [34mcolcon.colcon_core.package_identification[0m [1;30mLevel 1[0m _identify(integrations/leshow) by extension 'ignore_ament_install'
[2.355s] [34mcolcon.colcon_core.package_identification[0m [1;30mLevel 1[0m _identify(integrations/leshow) by extensions ['colcon_pkg']
[2.355s] [34mcolcon.colcon_core.package_identification[0m [1;30mLevel 1[0m _identify(integrations/leshow) by extension 'colcon_pkg'
[2.355s] [34mcolcon.colcon_core.package_identification[0m [1;30mLevel 1[0m _identify(integrations/leshow) by extensions ['colcon_meta']
[2.355s] [34mcolcon.colcon_core.package_identification[0m [1;30mLevel 1[0m _identify(integrations/leshow) by extension 'colcon_meta'
[2.356s] [34mcolcon.colcon_core.package_identification[0m [1;30mLevel 1[0m _identify(integrations/leshow) by extensions ['ros']
[2.356s] [34mcolcon.colcon_core.package_identification[0m [1;30mLevel 1[0m _identify(integrations/leshow) by extension 'ros'
[2.356s] [34mcolcon.colcon_core.package_identification[0m [1;30mLevel 1[0m _identify(integrations/leshow) by extensions ['cmake', 'python']
[2.356s] [34mcolcon.colcon_core.package_identification[0m [1;30mLevel 1[0m _identify(integrations/leshow) by extension 'cmake'
[2.357s] [34mcolcon.colcon_core.package_identification[0m [1;30mLevel 1[0m _identify(integrations/leshow) by extension 'python'
[2.357s] [34mcolcon.colcon_core.package_identification[0m [1;30mLevel 1[0m _identify(integrations/leshow) by extensions ['python_setup_py']
[2.357s] [34mcolcon.colcon_core.package_identification[0m [1;30mLevel 1[0m _identify(integrations/leshow) by extension 'python_setup_py'
[2.358s] [34mcolcon.colcon_core.package_identification[0m [1;30mLevel 1[0m _identify(integrations/leshow/__pycache__) by extensions ['ignore', 'ignore_ament_install']
[2.358s] [34mcolcon.colcon_core.package_identification[0m [1;30mLevel 1[0m _identify(integrations/leshow/__pycache__) by extension 'ignore'
[2.359s] [34mcolcon.colcon_core.package_identification[0m [1;30mLevel 1[0m _identify(integrations/leshow/__pycache__) by extension 'ignore_ament_install'
[2.359s] [34mcolcon.colcon_core.package_identification[0m [1;30mLevel 1[0m _identify(integrations/leshow/__pycache__) by extensions ['colcon_pkg']
[2.359s] [34mcolcon.colcon_core.package_identification[0m [1;30mLevel 1[0m _identify(integrations/leshow/__pycache__) by extension 'colcon_pkg'
[2.359s] [34mcolcon.colcon_core.package_identification[0m [1;30mLevel 1[0m _identify(integrations/leshow/__pycache__) by extensions ['colcon_meta']
[2.359s] [34mcolcon.colcon_core.package_identification[0m [1;30mLevel 1[0m _identify(integrations/leshow/__pycache__) by extension 'colcon_meta'
[2.360s] [34mcolcon.colcon_core.package_identification[0m [1;30mLevel 1[0m _identify(integrations/leshow/__pycache__) by extensions ['ros']
[2.360s] [34mcolcon.colcon_core.package_identification[0m [1;30mLevel 1[0m _identify(integrations/leshow/__pycache__) by extension 'ros'
[2.360s] [34mcolcon.colcon_core.package_identification[0m [1;30mLevel 1[0m _identify(integrations/leshow/__pycache__) by extensions ['cmake', 'python']
[2.360s] [34mcolcon.colcon_core.package_identification[0m [1;30mLevel 1[0m _identify(integrations/leshow/__pycache__) by extension 'cmake'
[2.360s] [34mcolcon.colcon_core.package_identification[0m [1;30mLevel 1[0m _identify(integrations/leshow/__pycache__) by extension 'python'
[2.361s] [34mcolcon.colcon_core.package_identification[0m [1;30mLevel 1[0m _identify(integrations/leshow/__pycache__) by extensions ['python_setup_py']
[2.361s] [34mcolcon.colcon_core.package_identification[0m [1;30mLevel 1[0m _identify(integrations/leshow/__pycache__) by extension 'python_setup_py'
[2.362s] [34mcolcon.colcon_core.package_identification[0m [1;30mLevel 1[0m _identify(integrations/leshow/fan) by extensions ['ignore', 'ignore_ament_install']
[2.362s] [34mcolcon.colcon_core.package_identification[0m [1;30mLevel 1[0m _identify(integrations/leshow/fan) by extension 'ignore'
[2.363s] [34mcolcon.colcon_core.package_identification[0m [1;30mLevel 1[0m _identify(integrations/leshow/fan) by extension 'ignore_ament_install'
[2.363s] [34mcolcon.colcon_core.package_identification[0m [1;30mLevel 1[0m _identify(integrations/leshow/fan) by extensions ['colcon_pkg']
[2.363s] [34mcolcon.colcon_core.package_identification[0m [1;30mLevel 1[0m _identify(integrations/leshow/fan) by extension 'colcon_pkg'
[2.363s] [34mcolcon.colcon_core.package_identification[0m [1;30mLevel 1[0m _identify(integrations/leshow/fan) by extensions ['colcon_meta']
[2.363s] [34mcolcon.colcon_core.package_identification[0m [1;30mLevel 1[0m _identify(integrations/leshow/fan) by extension 'colcon_meta'
[2.364s] [34mcolcon.colcon_core.package_identification[0m [1;30mLevel 1[0m _identify(integrations/leshow/fan) by extensions ['ros']
[2.364s] [34mcolcon.colcon_core.package_identification[0m [1;30mLevel 1[0m _identify(integrations/leshow/fan) by extension 'ros'
[2.364s] [34mcolcon.colcon_core.package_identification[0m [1;30mLevel 1[0m _identify(integrations/leshow/fan) by extensions ['cmake', 'python']
[2.364s] [34mcolcon.colcon_core.package_identification[0m [1;30mLevel 1[0m _identify(integrations/leshow/fan) by extension 'cmake'
[2.364s] [34mcolcon.colcon_core.package_identification[0m [1;30mLevel 1[0m _identify(integrations/leshow/fan) by extension 'python'
[2.365s] [34mcolcon.colcon_core.package_identification[0m [1;30mLevel 1[0m _identify(integrations/leshow/fan) by extensions ['python_setup_py']
[2.365s] [34mcolcon.colcon_core.package_identification[0m [1;30mLevel 1[0m _identify(integrations/leshow/fan) by extension 'python_setup_py'
[2.366s] [34mcolcon.colcon_core.package_identification[0m [1;30mLevel 1[0m _identify(integrations/leshow/fan/__pycache__) by extensions ['ignore', 'ignore_ament_install']
[2.366s] [34mcolcon.colcon_core.package_identification[0m [1;30mLevel 1[0m _identify(integrations/leshow/fan/__pycache__) by extension 'ignore'
[2.367s] [34mcolcon.colcon_core.package_identification[0m [1;30mLevel 1[0m _identify(integrations/leshow/fan/__pycache__) by extension 'ignore_ament_install'
[2.367s] [34mcolcon.colcon_core.package_identification[0m [1;30mLevel 1[0m _identify(integrations/leshow/fan/__pycache__) by extensions ['colcon_pkg']
[2.367s] [34mcolcon.colcon_core.package_identification[0m [1;30mLevel 1[0m _identify(integrations/leshow/fan/__pycache__) by extension 'colcon_pkg'
[2.367s] [34mcolcon.colcon_core.package_identification[0m [1;30mLevel 1[0m _identify(integrations/leshow/fan/__pycache__) by extensions ['colcon_meta']
[2.367s] [34mcolcon.colcon_core.package_identification[0m [1;30mLevel 1[0m _identify(integrations/leshow/fan/__pycache__) by extension 'colcon_meta'
[2.368s] [34mcolcon.colcon_core.package_identification[0m [1;30mLevel 1[0m _identify(integrations/leshow/fan/__pycache__) by extensions ['ros']
[2.368s] [34mcolcon.colcon_core.package_identification[0m [1;30mLevel 1[0m _identify(integrations/leshow/fan/__pycache__) by extension 'ros'
[2.368s] [34mcolcon.colcon_core.package_identification[0m [1;30mLevel 1[0m _identify(integrations/leshow/fan/__pycache__) by extensions ['cmake', 'python']
[2.368s] [34mcolcon.colcon_core.package_identification[0m [1;30mLevel 1[0m _identify(integrations/leshow/fan/__pycache__) by extension 'cmake'
[2.369s] [34mcolcon.colcon_core.package_identification[0m [1;30mLevel 1[0m _identify(integrations/leshow/fan/__pycache__) by extension 'python'
[2.369s] [34mcolcon.colcon_core.package_identification[0m [1;30mLevel 1[0m _identify(integrations/leshow/fan/__pycache__) by extensions ['python_setup_py']
[2.369s] [34mcolcon.colcon_core.package_identification[0m [1;30mLevel 1[0m _identify(integrations/leshow/fan/__pycache__) by extension 'python_setup_py'
[2.370s] [34mcolcon.colcon_core.package_identification[0m [1;30mLevel 1[0m _identify(integrations/leshow/fan/tests) by extensions ['ignore', 'ignore_ament_install']
[2.370s] [34mcolcon.colcon_core.package_identification[0m [1;30mLevel 1[0m _identify(integrations/leshow/fan/tests) by extension 'ignore'
[2.371s] [34mcolcon.colcon_core.package_identification[0m [1;30mLevel 1[0m _identify(integrations/leshow/fan/tests) by extension 'ignore_ament_install'
[2.371s] [34mcolcon.colcon_core.package_identification[0m [1;30mLevel 1[0m _identify(integrations/leshow/fan/tests) by extensions ['colcon_pkg']
[2.371s] [34mcolcon.colcon_core.package_identification[0m [1;30mLevel 1[0m _identify(integrations/leshow/fan/tests) by extension 'colcon_pkg'
[2.372s] [34mcolcon.colcon_core.package_identification[0m [1;30mLevel 1[0m _identify(integrations/leshow/fan/tests) by extensions ['colcon_meta']
[2.372s] [34mcolcon.colcon_core.package_identification[0m [1;30mLevel 1[0m _identify(integrations/leshow/fan/tests) by extension 'colcon_meta'
[2.372s] [34mcolcon.colcon_core.package_identification[0m [1;30mLevel 1[0m _identify(integrations/leshow/fan/tests) by extensions ['ros']
[2.372s] [34mcolcon.colcon_core.package_identification[0m [1;30mLevel 1[0m _identify(integrations/leshow/fan/tests) by extension 'ros'
[2.373s] [34mcolcon.colcon_core.package_identification[0m [1;30mLevel 1[0m _identify(integrations/leshow/fan/tests) by extensions ['cmake', 'python']
[2.373s] [34mcolcon.colcon_core.package_identification[0m [1;30mLevel 1[0m _identify(integrations/leshow/fan/tests) by extension 'cmake'
[2.373s] [34mcolcon.colcon_core.package_identification[0m [1;30mLevel 1[0m _identify(integrations/leshow/fan/tests) by extension 'python'
[2.373s] [34mcolcon.colcon_core.package_identification[0m [1;30mLevel 1[0m _identify(integrations/leshow/fan/tests) by extensions ['python_setup_py']
[2.373s] [34mcolcon.colcon_core.package_identification[0m [1;30mLevel 1[0m _identify(integrations/leshow/fan/tests) by extension 'python_setup_py'
[2.375s] [34mcolcon.colcon_core.package_identification[0m [1;30mLevel 1[0m _identify(integrations/lumi) by extensions ['ignore', 'ignore_ament_install']
[2.375s] [34mcolcon.colcon_core.package_identification[0m [1;30mLevel 1[0m _identify(integrations/lumi) by extension 'ignore'
[2.375s] [34mcolcon.colcon_core.package_identification[0m [1;30mLevel 1[0m _identify(integrations/lumi) by extension 'ignore_ament_install'
[2.376s] [34mcolcon.colcon_core.package_identification[0m [1;30mLevel 1[0m _identify(integrations/lumi) by extensions ['colcon_pkg']
[2.376s] [34mcolcon.colcon_core.package_identification[0m [1;30mLevel 1[0m _identify(integrations/lumi) by extension 'colcon_pkg'
[2.376s] [34mcolcon.colcon_core.package_identification[0m [1;30mLevel 1[0m _identify(integrations/lumi) by extensions ['colcon_meta']
[2.376s] [34mcolcon.colcon_core.package_identification[0m [1;30mLevel 1[0m _identify(integrations/lumi) by extension 'colcon_meta'
[2.376s] [34mcolcon.colcon_core.package_identification[0m [1;30mLevel 1[0m _identify(integrations/lumi) by extensions ['ros']
[2.376s] [34mcolcon.colcon_core.package_identification[0m [1;30mLevel 1[0m _identify(integrations/lumi) by extension 'ros'
[2.377s] [34mcolcon.colcon_core.package_identification[0m [1;30mLevel 1[0m _identify(integrations/lumi) by extensions ['cmake', 'python']
[2.377s] [34mcolcon.colcon_core.package_identification[0m [1;30mLevel 1[0m _identify(integrations/lumi) by extension 'cmake'
[2.377s] [34mcolcon.colcon_core.package_identification[0m [1;30mLevel 1[0m _identify(integrations/lumi) by extension 'python'
[2.377s] [34mcolcon.colcon_core.package_identification[0m [1;30mLevel 1[0m _identify(integrations/lumi) by extensions ['python_setup_py']
[2.377s] [34mcolcon.colcon_core.package_identification[0m [1;30mLevel 1[0m _identify(integrations/lumi) by extension 'python_setup_py'
[2.378s] [34mcolcon.colcon_core.package_identification[0m [1;30mLevel 1[0m _identify(integrations/lumi/__pycache__) by extensions ['ignore', 'ignore_ament_install']
[2.379s] [34mcolcon.colcon_core.package_identification[0m [1;30mLevel 1[0m _identify(integrations/lumi/__pycache__) by extension 'ignore'
[2.379s] [34mcolcon.colcon_core.package_identification[0m [1;30mLevel 1[0m _identify(integrations/lumi/__pycache__) by extension 'ignore_ament_install'
[2.379s] [34mcolcon.colcon_core.package_identification[0m [1;30mLevel 1[0m _identify(integrations/lumi/__pycache__) by extensions ['colcon_pkg']
[2.380s] [34mcolcon.colcon_core.package_identification[0m [1;30mLevel 1[0m _identify(integrations/lumi/__pycache__) by extension 'colcon_pkg'
[2.380s] [34mcolcon.colcon_core.package_identification[0m [1;30mLevel 1[0m _identify(integrations/lumi/__pycache__) by extensions ['colcon_meta']
[2.380s] [34mcolcon.colcon_core.package_identification[0m [1;30mLevel 1[0m _identify(integrations/lumi/__pycache__) by extension 'colcon_meta'
[2.380s] [34mcolcon.colcon_core.package_identification[0m [1;30mLevel 1[0m _identify(integrations/lumi/__pycache__) by extensions ['ros']
[2.380s] [34mcolcon.colcon_core.package_identification[0m [1;30mLevel 1[0m _identify(integrations/lumi/__pycache__) by extension 'ros'
[2.381s] [34mcolcon.colcon_core.package_identification[0m [1;30mLevel 1[0m _identify(integrations/lumi/__pycache__) by extensions ['cmake', 'python']
[2.381s] [34mcolcon.colcon_core.package_identification[0m [1;30mLevel 1[0m _identify(integrations/lumi/__pycache__) by extension 'cmake'
[2.381s] [34mcolcon.colcon_core.package_identification[0m [1;30mLevel 1[0m _identify(integrations/lumi/__pycache__) by extension 'python'
[2.381s] [34mcolcon.colcon_core.package_identification[0m [1;30mLevel 1[0m _identify(integrations/lumi/__pycache__) by extensions ['python_setup_py']
[2.381s] [34mcolcon.colcon_core.package_identification[0m [1;30mLevel 1[0m _identify(integrations/lumi/__pycache__) by extension 'python_setup_py'
[2.382s] [34mcolcon.colcon_core.package_identification[0m [1;30mLevel 1[0m _identify(integrations/lumi/acpartner) by extensions ['ignore', 'ignore_ament_install']
[2.383s] [34mcolcon.colcon_core.package_identification[0m [1;30mLevel 1[0m _identify(integrations/lumi/acpartner) by extension 'ignore'
[2.383s] [34mcolcon.colcon_core.package_identification[0m [1;30mLevel 1[0m _identify(integrations/lumi/acpartner) by extension 'ignore_ament_install'
[2.383s] [34mcolcon.colcon_core.package_identification[0m [1;30mLevel 1[0m _identify(integrations/lumi/acpartner) by extensions ['colcon_pkg']
[2.383s] [34mcolcon.colcon_core.package_identification[0m [1;30mLevel 1[0m _identify(integrations/lumi/acpartner) by extension 'colcon_pkg'
[2.384s] [34mcolcon.colcon_core.package_identification[0m [1;30mLevel 1[0m _identify(integrations/lumi/acpartner) by extensions ['colcon_meta']
[2.384s] [34mcolcon.colcon_core.package_identification[0m [1;30mLevel 1[0m _identify(integrations/lumi/acpartner) by extension 'colcon_meta'
[2.384s] [34mcolcon.colcon_core.package_identification[0m [1;30mLevel 1[0m _identify(integrations/lumi/acpartner) by extensions ['ros']
[2.384s] [34mcolcon.colcon_core.package_identification[0m [1;30mLevel 1[0m _identify(integrations/lumi/acpartner) by extension 'ros'
[2.384s] [34mcolcon.colcon_core.package_identification[0m [1;30mLevel 1[0m _identify(integrations/lumi/acpartner) by extensions ['cmake', 'python']
[2.384s] [34mcolcon.colcon_core.package_identification[0m [1;30mLevel 1[0m _identify(integrations/lumi/acpartner) by extension 'cmake'
[2.385s] [34mcolcon.colcon_core.package_identification[0m [1;30mLevel 1[0m _identify(integrations/lumi/acpartner) by extension 'python'
[2.385s] [34mcolcon.colcon_core.package_identification[0m [1;30mLevel 1[0m _identify(integrations/lumi/acpartner) by extensions ['python_setup_py']
[2.385s] [34mcolcon.colcon_core.package_identification[0m [1;30mLevel 1[0m _identify(integrations/lumi/acpartner) by extension 'python_setup_py'
[2.386s] [34mcolcon.colcon_core.package_identification[0m [1;30mLevel 1[0m _identify(integrations/lumi/acpartner/__pycache__) by extensions ['ignore', 'ignore_ament_install']
[2.387s] [34mcolcon.colcon_core.package_identification[0m [1;30mLevel 1[0m _identify(integrations/lumi/acpartner/__pycache__) by extension 'ignore'
[2.387s] [34mcolcon.colcon_core.package_identification[0m [1;30mLevel 1[0m _identify(integrations/lumi/acpartner/__pycache__) by extension 'ignore_ament_install'
[2.387s] [34mcolcon.colcon_core.package_identification[0m [1;30mLevel 1[0m _identify(integrations/lumi/acpartner/__pycache__) by extensions ['colcon_pkg']
[2.387s] [34mcolcon.colcon_core.package_identification[0m [1;30mLevel 1[0m _identify(integrations/lumi/acpartner/__pycache__) by extension 'colcon_pkg'
[2.387s] [34mcolcon.colcon_core.package_identification[0m [1;30mLevel 1[0m _identify(integrations/lumi/acpartner/__pycache__) by extensions ['colcon_meta']
[2.388s] [34mcolcon.colcon_core.package_identification[0m [1;30mLevel 1[0m _identify(integrations/lumi/acpartner/__pycache__) by extension 'colcon_meta'
[2.388s] [34mcolcon.colcon_core.package_identification[0m [1;30mLevel 1[0m _identify(integrations/lumi/acpartner/__pycache__) by extensions ['ros']
[2.388s] [34mcolcon.colcon_core.package_identification[0m [1;30mLevel 1[0m _identify(integrations/lumi/acpartner/__pycache__) by extension 'ros'
[2.388s] [34mcolcon.colcon_core.package_identification[0m [1;30mLevel 1[0m _identify(integrations/lumi/acpartner/__pycache__) by extensions ['cmake', 'python']
[2.388s] [34mcolcon.colcon_core.package_identification[0m [1;30mLevel 1[0m _identify(integrations/lumi/acpartner/__pycache__) by extension 'cmake'
[2.389s] [34mcolcon.colcon_core.package_identification[0m [1;30mLevel 1[0m _identify(integrations/lumi/acpartner/__pycache__) by extension 'python'
[2.389s] [34mcolcon.colcon_core.package_identification[0m [1;30mLevel 1[0m _identify(integrations/lumi/acpartner/__pycache__) by extensions ['python_setup_py']
[2.389s] [34mcolcon.colcon_core.package_identification[0m [1;30mLevel 1[0m _identify(integrations/lumi/acpartner/__pycache__) by extension 'python_setup_py'
[2.390s] [34mcolcon.colcon_core.package_identification[0m [1;30mLevel 1[0m _identify(integrations/lumi/camera) by extensions ['ignore', 'ignore_ament_install']
[2.391s] [34mcolcon.colcon_core.package_identification[0m [1;30mLevel 1[0m _identify(integrations/lumi/camera) by extension 'ignore'
[2.391s] [34mcolcon.colcon_core.package_identification[0m [1;30mLevel 1[0m _identify(integrations/lumi/camera) by extension 'ignore_ament_install'
[2.391s] [34mcolcon.colcon_core.package_identification[0m [1;30mLevel 1[0m _identify(integrations/lumi/camera) by extensions ['colcon_pkg']
[2.391s] [34mcolcon.colcon_core.package_identification[0m [1;30mLevel 1[0m _identify(integrations/lumi/camera) by extension 'colcon_pkg'
[2.391s] [34mcolcon.colcon_core.package_identification[0m [1;30mLevel 1[0m _identify(integrations/lumi/camera) by extensions ['colcon_meta']
[2.391s] [34mcolcon.colcon_core.package_identification[0m [1;30mLevel 1[0m _identify(integrations/lumi/camera) by extension 'colcon_meta'
[2.392s] [34mcolcon.colcon_core.package_identification[0m [1;30mLevel 1[0m _identify(integrations/lumi/camera) by extensions ['ros']
[2.392s] [34mcolcon.colcon_core.package_identification[0m [1;30mLevel 1[0m _identify(integrations/lumi/camera) by extension 'ros'
[2.392s] [34mcolcon.colcon_core.package_identification[0m [1;30mLevel 1[0m _identify(integrations/lumi/camera) by extensions ['cmake', 'python']
[2.392s] [34mcolcon.colcon_core.package_identification[0m [1;30mLevel 1[0m _identify(integrations/lumi/camera) by extension 'cmake'
[2.392s] [34mcolcon.colcon_core.package_identification[0m [1;30mLevel 1[0m _identify(integrations/lumi/camera) by extension 'python'
[2.393s] [34mcolcon.colcon_core.package_identification[0m [1;30mLevel 1[0m _identify(integrations/lumi/camera) by extensions ['python_setup_py']
[2.393s] [34mcolcon.colcon_core.package_identification[0m [1;30mLevel 1[0m _identify(integrations/lumi/camera) by extension 'python_setup_py'
[2.394s] [34mcolcon.colcon_core.package_identification[0m [1;30mLevel 1[0m _identify(integrations/lumi/camera/__pycache__) by extensions ['ignore', 'ignore_ament_install']
[2.394s] [34mcolcon.colcon_core.package_identification[0m [1;30mLevel 1[0m _identify(integrations/lumi/camera/__pycache__) by extension 'ignore'
[2.394s] [34mcolcon.colcon_core.package_identification[0m [1;30mLevel 1[0m _identify(integrations/lumi/camera/__pycache__) by extension 'ignore_ament_install'
[2.395s] [34mcolcon.colcon_core.package_identification[0m [1;30mLevel 1[0m _identify(integrations/lumi/camera/__pycache__) by extensions ['colcon_pkg']
[2.395s] [34mcolcon.colcon_core.package_identification[0m [1;30mLevel 1[0m _identify(integrations/lumi/camera/__pycache__) by extension 'colcon_pkg'
[2.395s] [34mcolcon.colcon_core.package_identification[0m [1;30mLevel 1[0m _identify(integrations/lumi/camera/__pycache__) by extensions ['colcon_meta']
[2.396s] [34mcolcon.colcon_core.package_identification[0m [1;30mLevel 1[0m _identify(integrations/lumi/camera/__pycache__) by extension 'colcon_meta'
[2.396s] [34mcolcon.colcon_core.package_identification[0m [1;30mLevel 1[0m _identify(integrations/lumi/camera/__pycache__) by extensions ['ros']
[2.396s] [34mcolcon.colcon_core.package_identification[0m [1;30mLevel 1[0m _identify(integrations/lumi/camera/__pycache__) by extension 'ros'
[2.397s] [34mcolcon.colcon_core.package_identification[0m [1;30mLevel 1[0m _identify(integrations/lumi/camera/__pycache__) by extensions ['cmake', 'python']
[2.397s] [34mcolcon.colcon_core.package_identification[0m [1;30mLevel 1[0m _identify(integrations/lumi/camera/__pycache__) by extension 'cmake'
[2.397s] [34mcolcon.colcon_core.package_identification[0m [1;30mLevel 1[0m _identify(integrations/lumi/camera/__pycache__) by extension 'python'
[2.397s] [34mcolcon.colcon_core.package_identification[0m [1;30mLevel 1[0m _identify(integrations/lumi/camera/__pycache__) by extensions ['python_setup_py']
[2.397s] [34mcolcon.colcon_core.package_identification[0m [1;30mLevel 1[0m _identify(integrations/lumi/camera/__pycache__) by extension 'python_setup_py'
[2.398s] [34mcolcon.colcon_core.package_identification[0m [1;30mLevel 1[0m _identify(integrations/lumi/curtain) by extensions ['ignore', 'ignore_ament_install']
[2.399s] [34mcolcon.colcon_core.package_identification[0m [1;30mLevel 1[0m _identify(integrations/lumi/curtain) by extension 'ignore'
[2.399s] [34mcolcon.colcon_core.package_identification[0m [1;30mLevel 1[0m _identify(integrations/lumi/curtain) by extension 'ignore_ament_install'
[2.399s] [34mcolcon.colcon_core.package_identification[0m [1;30mLevel 1[0m _identify(integrations/lumi/curtain) by extensions ['colcon_pkg']
[2.399s] [34mcolcon.colcon_core.package_identification[0m [1;30mLevel 1[0m _identify(integrations/lumi/curtain) by extension 'colcon_pkg'
[2.400s] [34mcolcon.colcon_core.package_identification[0m [1;30mLevel 1[0m _identify(integrations/lumi/curtain) by extensions ['colcon_meta']
[2.400s] [34mcolcon.colcon_core.package_identification[0m [1;30mLevel 1[0m _identify(integrations/lumi/curtain) by extension 'colcon_meta'
[2.400s] [34mcolcon.colcon_core.package_identification[0m [1;30mLevel 1[0m _identify(integrations/lumi/curtain) by extensions ['ros']
[2.400s] [34mcolcon.colcon_core.package_identification[0m [1;30mLevel 1[0m _identify(integrations/lumi/curtain) by extension 'ros'
[2.401s] [34mcolcon.colcon_core.package_identification[0m [1;30mLevel 1[0m _identify(integrations/lumi/curtain) by extensions ['cmake', 'python']
[2.401s] [34mcolcon.colcon_core.package_identification[0m [1;30mLevel 1[0m _identify(integrations/lumi/curtain) by extension 'cmake'
[2.401s] [34mcolcon.colcon_core.package_identification[0m [1;30mLevel 1[0m _identify(integrations/lumi/curtain) by extension 'python'
[2.401s] [34mcolcon.colcon_core.package_identification[0m [1;30mLevel 1[0m _identify(integrations/lumi/curtain) by extensions ['python_setup_py']
[2.401s] [34mcolcon.colcon_core.package_identification[0m [1;30mLevel 1[0m _identify(integrations/lumi/curtain) by extension 'python_setup_py'
[2.403s] [34mcolcon.colcon_core.package_identification[0m [1;30mLevel 1[0m _identify(integrations/lumi/curtain/__pycache__) by extensions ['ignore', 'ignore_ament_install']
[2.403s] [34mcolcon.colcon_core.package_identification[0m [1;30mLevel 1[0m _identify(integrations/lumi/curtain/__pycache__) by extension 'ignore'
[2.403s] [34mcolcon.colcon_core.package_identification[0m [1;30mLevel 1[0m _identify(integrations/lumi/curtain/__pycache__) by extension 'ignore_ament_install'
[2.404s] [34mcolcon.colcon_core.package_identification[0m [1;30mLevel 1[0m _identify(integrations/lumi/curtain/__pycache__) by extensions ['colcon_pkg']
[2.404s] [34mcolcon.colcon_core.package_identification[0m [1;30mLevel 1[0m _identify(integrations/lumi/curtain/__pycache__) by extension 'colcon_pkg'
[2.404s] [34mcolcon.colcon_core.package_identification[0m [1;30mLevel 1[0m _identify(integrations/lumi/curtain/__pycache__) by extensions ['colcon_meta']
[2.404s] [34mcolcon.colcon_core.package_identification[0m [1;30mLevel 1[0m _identify(integrations/lumi/curtain/__pycache__) by extension 'colcon_meta'
[2.404s] [34mcolcon.colcon_core.package_identification[0m [1;30mLevel 1[0m _identify(integrations/lumi/curtain/__pycache__) by extensions ['ros']
[2.404s] [34mcolcon.colcon_core.package_identification[0m [1;30mLevel 1[0m _identify(integrations/lumi/curtain/__pycache__) by extension 'ros'
[2.405s] [34mcolcon.colcon_core.package_identification[0m [1;30mLevel 1[0m _identify(integrations/lumi/curtain/__pycache__) by extensions ['cmake', 'python']
[2.405s] [34mcolcon.colcon_core.package_identification[0m [1;30mLevel 1[0m _identify(integrations/lumi/curtain/__pycache__) by extension 'cmake'
[2.405s] [34mcolcon.colcon_core.package_identification[0m [1;30mLevel 1[0m _identify(integrations/lumi/curtain/__pycache__) by extension 'python'
[2.405s] [34mcolcon.colcon_core.package_identification[0m [1;30mLevel 1[0m _identify(integrations/lumi/curtain/__pycache__) by extensions ['python_setup_py']
[2.405s] [34mcolcon.colcon_core.package_identification[0m [1;30mLevel 1[0m _identify(integrations/lumi/curtain/__pycache__) by extension 'python_setup_py'
[2.407s] [34mcolcon.colcon_core.package_identification[0m [1;30mLevel 1[0m _identify(integrations/lumi/gateway) by extensions ['ignore', 'ignore_ament_install']
[2.407s] [34mcolcon.colcon_core.package_identification[0m [1;30mLevel 1[0m _identify(integrations/lumi/gateway) by extension 'ignore'
[2.407s] [34mcolcon.colcon_core.package_identification[0m [1;30mLevel 1[0m _identify(integrations/lumi/gateway) by extension 'ignore_ament_install'
[2.407s] [34mcolcon.colcon_core.package_identification[0m [1;30mLevel 1[0m _identify(integrations/lumi/gateway) by extensions ['colcon_pkg']
[2.408s] [34mcolcon.colcon_core.package_identification[0m [1;30mLevel 1[0m _identify(integrations/lumi/gateway) by extension 'colcon_pkg'
[2.408s] [34mcolcon.colcon_core.package_identification[0m [1;30mLevel 1[0m _identify(integrations/lumi/gateway) by extensions ['colcon_meta']
[2.408s] [34mcolcon.colcon_core.package_identification[0m [1;30mLevel 1[0m _identify(integrations/lumi/gateway) by extension 'colcon_meta'
[2.408s] [34mcolcon.colcon_core.package_identification[0m [1;30mLevel 1[0m _identify(integrations/lumi/gateway) by extensions ['ros']
[2.408s] [34mcolcon.colcon_core.package_identification[0m [1;30mLevel 1[0m _identify(integrations/lumi/gateway) by extension 'ros'
[2.408s] [34mcolcon.colcon_core.package_identification[0m [1;30mLevel 1[0m _identify(integrations/lumi/gateway) by extensions ['cmake', 'python']
[2.409s] [34mcolcon.colcon_core.package_identification[0m [1;30mLevel 1[0m _identify(integrations/lumi/gateway) by extension 'cmake'
[2.409s] [34mcolcon.colcon_core.package_identification[0m [1;30mLevel 1[0m _identify(integrations/lumi/gateway) by extension 'python'
[2.409s] [34mcolcon.colcon_core.package_identification[0m [1;30mLevel 1[0m _identify(integrations/lumi/gateway) by extensions ['python_setup_py']
[2.409s] [34mcolcon.colcon_core.package_identification[0m [1;30mLevel 1[0m _identify(integrations/lumi/gateway) by extension 'python_setup_py'
[2.410s] [34mcolcon.colcon_core.package_identification[0m [1;30mLevel 1[0m _identify(integrations/lumi/gateway/__pycache__) by extensions ['ignore', 'ignore_ament_install']
[2.411s] [34mcolcon.colcon_core.package_identification[0m [1;30mLevel 1[0m _identify(integrations/lumi/gateway/__pycache__) by extension 'ignore'
[2.412s] [34mcolcon.colcon_core.package_identification[0m [1;30mLevel 1[0m _identify(integrations/lumi/gateway/__pycache__) by extension 'ignore_ament_install'
[2.412s] [34mcolcon.colcon_core.package_identification[0m [1;30mLevel 1[0m _identify(integrations/lumi/gateway/__pycache__) by extensions ['colcon_pkg']
[2.412s] [34mcolcon.colcon_core.package_identification[0m [1;30mLevel 1[0m _identify(integrations/lumi/gateway/__pycache__) by extension 'colcon_pkg'
[2.412s] [34mcolcon.colcon_core.package_identification[0m [1;30mLevel 1[0m _identify(integrations/lumi/gateway/__pycache__) by extensions ['colcon_meta']
[2.412s] [34mcolcon.colcon_core.package_identification[0m [1;30mLevel 1[0m _identify(integrations/lumi/gateway/__pycache__) by extension 'colcon_meta'
[2.413s] [34mcolcon.colcon_core.package_identification[0m [1;30mLevel 1[0m _identify(integrations/lumi/gateway/__pycache__) by extensions ['ros']
[2.413s] [34mcolcon.colcon_core.package_identification[0m [1;30mLevel 1[0m _identify(integrations/lumi/gateway/__pycache__) by extension 'ros'
[2.413s] [34mcolcon.colcon_core.package_identification[0m [1;30mLevel 1[0m _identify(integrations/lumi/gateway/__pycache__) by extensions ['cmake', 'python']
[2.413s] [34mcolcon.colcon_core.package_identification[0m [1;30mLevel 1[0m _identify(integrations/lumi/gateway/__pycache__) by extension 'cmake'
[2.413s] [34mcolcon.colcon_core.package_identification[0m [1;30mLevel 1[0m _identify(integrations/lumi/gateway/__pycache__) by extension 'python'
[2.414s] [34mcolcon.colcon_core.package_identification[0m [1;30mLevel 1[0m _identify(integrations/lumi/gateway/__pycache__) by extensions ['python_setup_py']
[2.414s] [34mcolcon.colcon_core.package_identification[0m [1;30mLevel 1[0m _identify(integrations/lumi/gateway/__pycache__) by extension 'python_setup_py'
[2.415s] [34mcolcon.colcon_core.package_identification[0m [1;30mLevel 1[0m _identify(integrations/lumi/gateway/devices) by extensions ['ignore', 'ignore_ament_install']
[2.415s] [34mcolcon.colcon_core.package_identification[0m [1;30mLevel 1[0m _identify(integrations/lumi/gateway/devices) by extension 'ignore'
[2.416s] [34mcolcon.colcon_core.package_identification[0m [1;30mLevel 1[0m _identify(integrations/lumi/gateway/devices) by extension 'ignore_ament_install'
[2.416s] [34mcolcon.colcon_core.package_identification[0m [1;30mLevel 1[0m _identify(integrations/lumi/gateway/devices) by extensions ['colcon_pkg']
[2.416s] [34mcolcon.colcon_core.package_identification[0m [1;30mLevel 1[0m _identify(integrations/lumi/gateway/devices) by extension 'colcon_pkg'
[2.416s] [34mcolcon.colcon_core.package_identification[0m [1;30mLevel 1[0m _identify(integrations/lumi/gateway/devices) by extensions ['colcon_meta']
[2.416s] [34mcolcon.colcon_core.package_identification[0m [1;30mLevel 1[0m _identify(integrations/lumi/gateway/devices) by extension 'colcon_meta'
[2.417s] [34mcolcon.colcon_core.package_identification[0m [1;30mLevel 1[0m _identify(integrations/lumi/gateway/devices) by extensions ['ros']
[2.417s] [34mcolcon.colcon_core.package_identification[0m [1;30mLevel 1[0m _identify(integrations/lumi/gateway/devices) by extension 'ros'
[2.417s] [34mcolcon.colcon_core.package_identification[0m [1;30mLevel 1[0m _identify(integrations/lumi/gateway/devices) by extensions ['cmake', 'python']
[2.417s] [34mcolcon.colcon_core.package_identification[0m [1;30mLevel 1[0m _identify(integrations/lumi/gateway/devices) by extension 'cmake'
[2.417s] [34mcolcon.colcon_core.package_identification[0m [1;30mLevel 1[0m _identify(integrations/lumi/gateway/devices) by extension 'python'
[2.418s] [34mcolcon.colcon_core.package_identification[0m [1;30mLevel 1[0m _identify(integrations/lumi/gateway/devices) by extensions ['python_setup_py']
[2.418s] [34mcolcon.colcon_core.package_identification[0m [1;30mLevel 1[0m _identify(integrations/lumi/gateway/devices) by extension 'python_setup_py'
[2.419s] [34mcolcon.colcon_core.package_identification[0m [1;30mLevel 1[0m _identify(integrations/lumi/gateway/devices/__pycache__) by extensions ['ignore', 'ignore_ament_install']
[2.419s] [34mcolcon.colcon_core.package_identification[0m [1;30mLevel 1[0m _identify(integrations/lumi/gateway/devices/__pycache__) by extension 'ignore'
[2.420s] [34mcolcon.colcon_core.package_identification[0m [1;30mLevel 1[0m _identify(integrations/lumi/gateway/devices/__pycache__) by extension 'ignore_ament_install'
[2.420s] [34mcolcon.colcon_core.package_identification[0m [1;30mLevel 1[0m _identify(integrations/lumi/gateway/devices/__pycache__) by extensions ['colcon_pkg']
[2.420s] [34mcolcon.colcon_core.package_identification[0m [1;30mLevel 1[0m _identify(integrations/lumi/gateway/devices/__pycache__) by extension 'colcon_pkg'
[2.420s] [34mcolcon.colcon_core.package_identification[0m [1;30mLevel 1[0m _identify(integrations/lumi/gateway/devices/__pycache__) by extensions ['colcon_meta']
[2.420s] [34mcolcon.colcon_core.package_identification[0m [1;30mLevel 1[0m _identify(integrations/lumi/gateway/devices/__pycache__) by extension 'colcon_meta'
[2.421s] [34mcolcon.colcon_core.package_identification[0m [1;30mLevel 1[0m _identify(integrations/lumi/gateway/devices/__pycache__) by extensions ['ros']
[2.421s] [34mcolcon.colcon_core.package_identification[0m [1;30mLevel 1[0m _identify(integrations/lumi/gateway/devices/__pycache__) by extension 'ros'
[2.421s] [34mcolcon.colcon_core.package_identification[0m [1;30mLevel 1[0m _identify(integrations/lumi/gateway/devices/__pycache__) by extensions ['cmake', 'python']
[2.421s] [34mcolcon.colcon_core.package_identification[0m [1;30mLevel 1[0m _identify(integrations/lumi/gateway/devices/__pycache__) by extension 'cmake'
[2.422s] [34mcolcon.colcon_core.package_identification[0m [1;30mLevel 1[0m _identify(integrations/lumi/gateway/devices/__pycache__) by extension 'python'
[2.422s] [34mcolcon.colcon_core.package_identification[0m [1;30mLevel 1[0m _identify(integrations/lumi/gateway/devices/__pycache__) by extensions ['python_setup_py']
[2.422s] [34mcolcon.colcon_core.package_identification[0m [1;30mLevel 1[0m _identify(integrations/lumi/gateway/devices/__pycache__) by extension 'python_setup_py'
[2.423s] [34mcolcon.colcon_core.package_identification[0m [1;30mLevel 1[0m _identify(integrations/mijia) by extensions ['ignore', 'ignore_ament_install']
[2.424s] [34mcolcon.colcon_core.package_identification[0m [1;30mLevel 1[0m _identify(integrations/mijia) by extension 'ignore'
[2.424s] [34mcolcon.colcon_core.package_identification[0m [1;30mLevel 1[0m _identify(integrations/mijia) by extension 'ignore_ament_install'
[2.424s] [34mcolcon.colcon_core.package_identification[0m [1;30mLevel 1[0m _identify(integrations/mijia) by extensions ['colcon_pkg']
[2.424s] [34mcolcon.colcon_core.package_identification[0m [1;30mLevel 1[0m _identify(integrations/mijia) by extension 'colcon_pkg'
[2.424s] [34mcolcon.colcon_core.package_identification[0m [1;30mLevel 1[0m _identify(integrations/mijia) by extensions ['colcon_meta']
[2.425s] [34mcolcon.colcon_core.package_identification[0m [1;30mLevel 1[0m _identify(integrations/mijia) by extension 'colcon_meta'
[2.425s] [34mcolcon.colcon_core.package_identification[0m [1;30mLevel 1[0m _identify(integrations/mijia) by extensions ['ros']
[2.425s] [34mcolcon.colcon_core.package_identification[0m [1;30mLevel 1[0m _identify(integrations/mijia) by extension 'ros'
[2.425s] [34mcolcon.colcon_core.package_identification[0m [1;30mLevel 1[0m _identify(integrations/mijia) by extensions ['cmake', 'python']
[2.425s] [34mcolcon.colcon_core.package_identification[0m [1;30mLevel 1[0m _identify(integrations/mijia) by extension 'cmake'
[2.426s] [34mcolcon.colcon_core.package_identification[0m [1;30mLevel 1[0m _identify(integrations/mijia) by extension 'python'
[2.426s] [34mcolcon.colcon_core.package_identification[0m [1;30mLevel 1[0m _identify(integrations/mijia) by extensions ['python_setup_py']
[2.426s] [34mcolcon.colcon_core.package_identification[0m [1;30mLevel 1[0m _identify(integrations/mijia) by extension 'python_setup_py'
[2.427s] [34mcolcon.colcon_core.package_identification[0m [1;30mLevel 1[0m _identify(integrations/mijia/__pycache__) by extensions ['ignore', 'ignore_ament_install']
[2.427s] [34mcolcon.colcon_core.package_identification[0m [1;30mLevel 1[0m _identify(integrations/mijia/__pycache__) by extension 'ignore'
[2.428s] [34mcolcon.colcon_core.package_identification[0m [1;30mLevel 1[0m _identify(integrations/mijia/__pycache__) by extension 'ignore_ament_install'
[2.428s] [34mcolcon.colcon_core.package_identification[0m [1;30mLevel 1[0m _identify(integrations/mijia/__pycache__) by extensions ['colcon_pkg']
[2.428s] [34mcolcon.colcon_core.package_identification[0m [1;30mLevel 1[0m _identify(integrations/mijia/__pycache__) by extension 'colcon_pkg'
[2.428s] [34mcolcon.colcon_core.package_identification[0m [1;30mLevel 1[0m _identify(integrations/mijia/__pycache__) by extensions ['colcon_meta']
[2.428s] [34mcolcon.colcon_core.package_identification[0m [1;30mLevel 1[0m _identify(integrations/mijia/__pycache__) by extension 'colcon_meta'
[2.428s] [34mcolcon.colcon_core.package_identification[0m [1;30mLevel 1[0m _identify(integrations/mijia/__pycache__) by extensions ['ros']
[2.429s] [34mcolcon.colcon_core.package_identification[0m [1;30mLevel 1[0m _identify(integrations/mijia/__pycache__) by extension 'ros'
[2.429s] [34mcolcon.colcon_core.package_identification[0m [1;30mLevel 1[0m _identify(integrations/mijia/__pycache__) by extensions ['cmake', 'python']
[2.429s] [34mcolcon.colcon_core.package_identification[0m [1;30mLevel 1[0m _identify(integrations/mijia/__pycache__) by extension 'cmake'
[2.429s] [34mcolcon.colcon_core.package_identification[0m [1;30mLevel 1[0m _identify(integrations/mijia/__pycache__) by extension 'python'
[2.429s] [34mcolcon.colcon_core.package_identification[0m [1;30mLevel 1[0m _identify(integrations/mijia/__pycache__) by extensions ['python_setup_py']
[2.430s] [34mcolcon.colcon_core.package_identification[0m [1;30mLevel 1[0m _identify(integrations/mijia/__pycache__) by extension 'python_setup_py'
[2.431s] [34mcolcon.colcon_core.package_identification[0m [1;30mLevel 1[0m _identify(integrations/mijia/vacuum) by extensions ['ignore', 'ignore_ament_install']
[2.431s] [34mcolcon.colcon_core.package_identification[0m [1;30mLevel 1[0m _identify(integrations/mijia/vacuum) by extension 'ignore'
[2.431s] [34mcolcon.colcon_core.package_identification[0m [1;30mLevel 1[0m _identify(integrations/mijia/vacuum) by extension 'ignore_ament_install'
[2.431s] [34mcolcon.colcon_core.package_identification[0m [1;30mLevel 1[0m _identify(integrations/mijia/vacuum) by extensions ['colcon_pkg']
[2.432s] [34mcolcon.colcon_core.package_identification[0m [1;30mLevel 1[0m _identify(integrations/mijia/vacuum) by extension 'colcon_pkg'
[2.432s] [34mcolcon.colcon_core.package_identification[0m [1;30mLevel 1[0m _identify(integrations/mijia/vacuum) by extensions ['colcon_meta']
[2.432s] [34mcolcon.colcon_core.package_identification[0m [1;30mLevel 1[0m _identify(integrations/mijia/vacuum) by extension 'colcon_meta'
[2.432s] [34mcolcon.colcon_core.package_identification[0m [1;30mLevel 1[0m _identify(integrations/mijia/vacuum) by extensions ['ros']
[2.432s] [34mcolcon.colcon_core.package_identification[0m [1;30mLevel 1[0m _identify(integrations/mijia/vacuum) by extension 'ros'
[2.433s] [34mcolcon.colcon_core.package_identification[0m [1;30mLevel 1[0m _identify(integrations/mijia/vacuum) by extensions ['cmake', 'python']
[2.433s] [34mcolcon.colcon_core.package_identification[0m [1;30mLevel 1[0m _identify(integrations/mijia/vacuum) by extension 'cmake'
[2.433s] [34mcolcon.colcon_core.package_identification[0m [1;30mLevel 1[0m _identify(integrations/mijia/vacuum) by extension 'python'
[2.433s] [34mcolcon.colcon_core.package_identification[0m [1;30mLevel 1[0m _identify(integrations/mijia/vacuum) by extensions ['python_setup_py']
[2.433s] [34mcolcon.colcon_core.package_identification[0m [1;30mLevel 1[0m _identify(integrations/mijia/vacuum) by extension 'python_setup_py'
[2.434s] [34mcolcon.colcon_core.package_identification[0m [1;30mLevel 1[0m _identify(integrations/mijia/vacuum/__pycache__) by extensions ['ignore', 'ignore_ament_install']
[2.435s] [34mcolcon.colcon_core.package_identification[0m [1;30mLevel 1[0m _identify(integrations/mijia/vacuum/__pycache__) by extension 'ignore'
[2.435s] [34mcolcon.colcon_core.package_identification[0m [1;30mLevel 1[0m _identify(integrations/mijia/vacuum/__pycache__) by extension 'ignore_ament_install'
[2.435s] [34mcolcon.colcon_core.package_identification[0m [1;30mLevel 1[0m _identify(integrations/mijia/vacuum/__pycache__) by extensions ['colcon_pkg']
[2.435s] [34mcolcon.colcon_core.package_identification[0m [1;30mLevel 1[0m _identify(integrations/mijia/vacuum/__pycache__) by extension 'colcon_pkg'
[2.436s] [34mcolcon.colcon_core.package_identification[0m [1;30mLevel 1[0m _identify(integrations/mijia/vacuum/__pycache__) by extensions ['colcon_meta']
[2.436s] [34mcolcon.colcon_core.package_identification[0m [1;30mLevel 1[0m _identify(integrations/mijia/vacuum/__pycache__) by extension 'colcon_meta'
[2.436s] [34mcolcon.colcon_core.package_identification[0m [1;30mLevel 1[0m _identify(integrations/mijia/vacuum/__pycache__) by extensions ['ros']
[2.436s] [34mcolcon.colcon_core.package_identification[0m [1;30mLevel 1[0m _identify(integrations/mijia/vacuum/__pycache__) by extension 'ros'
[2.436s] [34mcolcon.colcon_core.package_identification[0m [1;30mLevel 1[0m _identify(integrations/mijia/vacuum/__pycache__) by extensions ['cmake', 'python']
[2.437s] [34mcolcon.colcon_core.package_identification[0m [1;30mLevel 1[0m _identify(integrations/mijia/vacuum/__pycache__) by extension 'cmake'
[2.437s] [34mcolcon.colcon_core.package_identification[0m [1;30mLevel 1[0m _identify(integrations/mijia/vacuum/__pycache__) by extension 'python'
[2.437s] [34mcolcon.colcon_core.package_identification[0m [1;30mLevel 1[0m _identify(integrations/mijia/vacuum/__pycache__) by extensions ['python_setup_py']
[2.437s] [34mcolcon.colcon_core.package_identification[0m [1;30mLevel 1[0m _identify(integrations/mijia/vacuum/__pycache__) by extension 'python_setup_py'
[2.438s] [34mcolcon.colcon_core.package_identification[0m [1;30mLevel 1[0m _identify(integrations/mmgg) by extensions ['ignore', 'ignore_ament_install']
[2.438s] [34mcolcon.colcon_core.package_identification[0m [1;30mLevel 1[0m _identify(integrations/mmgg) by extension 'ignore'
[2.439s] [34mcolcon.colcon_core.package_identification[0m [1;30mLevel 1[0m _identify(integrations/mmgg) by extension 'ignore_ament_install'
[2.439s] [34mcolcon.colcon_core.package_identification[0m [1;30mLevel 1[0m _identify(integrations/mmgg) by extensions ['colcon_pkg']
[2.439s] [34mcolcon.colcon_core.package_identification[0m [1;30mLevel 1[0m _identify(integrations/mmgg) by extension 'colcon_pkg'
[2.439s] [34mcolcon.colcon_core.package_identification[0m [1;30mLevel 1[0m _identify(integrations/mmgg) by extensions ['colcon_meta']
[2.439s] [34mcolcon.colcon_core.package_identification[0m [1;30mLevel 1[0m _identify(integrations/mmgg) by extension 'colcon_meta'
[2.440s] [34mcolcon.colcon_core.package_identification[0m [1;30mLevel 1[0m _identify(integrations/mmgg) by extensions ['ros']
[2.440s] [34mcolcon.colcon_core.package_identification[0m [1;30mLevel 1[0m _identify(integrations/mmgg) by extension 'ros'
[2.440s] [34mcolcon.colcon_core.package_identification[0m [1;30mLevel 1[0m _identify(integrations/mmgg) by extensions ['cmake', 'python']
[2.440s] [34mcolcon.colcon_core.package_identification[0m [1;30mLevel 1[0m _identify(integrations/mmgg) by extension 'cmake'
[2.441s] [34mcolcon.colcon_core.package_identification[0m [1;30mLevel 1[0m _identify(integrations/mmgg) by extension 'python'
[2.441s] [34mcolcon.colcon_core.package_identification[0m [1;30mLevel 1[0m _identify(integrations/mmgg) by extensions ['python_setup_py']
[2.441s] [34mcolcon.colcon_core.package_identification[0m [1;30mLevel 1[0m _identify(integrations/mmgg) by extension 'python_setup_py'
[2.442s] [34mcolcon.colcon_core.package_identification[0m [1;30mLevel 1[0m _identify(integrations/mmgg/__pycache__) by extensions ['ignore', 'ignore_ament_install']
[2.442s] [34mcolcon.colcon_core.package_identification[0m [1;30mLevel 1[0m _identify(integrations/mmgg/__pycache__) by extension 'ignore'
[2.442s] [34mcolcon.colcon_core.package_identification[0m [1;30mLevel 1[0m _identify(integrations/mmgg/__pycache__) by extension 'ignore_ament_install'
[2.443s] [34mcolcon.colcon_core.package_identification[0m [1;30mLevel 1[0m _identify(integrations/mmgg/__pycache__) by extensions ['colcon_pkg']
[2.443s] [34mcolcon.colcon_core.package_identification[0m [1;30mLevel 1[0m _identify(integrations/mmgg/__pycache__) by extension 'colcon_pkg'
[2.443s] [34mcolcon.colcon_core.package_identification[0m [1;30mLevel 1[0m _identify(integrations/mmgg/__pycache__) by extensions ['colcon_meta']
[2.443s] [34mcolcon.colcon_core.package_identification[0m [1;30mLevel 1[0m _identify(integrations/mmgg/__pycache__) by extension 'colcon_meta'
[2.443s] [34mcolcon.colcon_core.package_identification[0m [1;30mLevel 1[0m _identify(integrations/mmgg/__pycache__) by extensions ['ros']
[2.443s] [34mcolcon.colcon_core.package_identification[0m [1;30mLevel 1[0m _identify(integrations/mmgg/__pycache__) by extension 'ros'
[2.444s] [34mcolcon.colcon_core.package_identification[0m [1;30mLevel 1[0m _identify(integrations/mmgg/__pycache__) by extensions ['cmake', 'python']
[2.444s] [34mcolcon.colcon_core.package_identification[0m [1;30mLevel 1[0m _identify(integrations/mmgg/__pycache__) by extension 'cmake'
[2.444s] [34mcolcon.colcon_core.package_identification[0m [1;30mLevel 1[0m _identify(integrations/mmgg/__pycache__) by extension 'python'
[2.444s] [34mcolcon.colcon_core.package_identification[0m [1;30mLevel 1[0m _identify(integrations/mmgg/__pycache__) by extensions ['python_setup_py']
[2.445s] [34mcolcon.colcon_core.package_identification[0m [1;30mLevel 1[0m _identify(integrations/mmgg/__pycache__) by extension 'python_setup_py'
[2.446s] [34mcolcon.colcon_core.package_identification[0m [1;30mLevel 1[0m _identify(integrations/mmgg/petwaterdispenser) by extensions ['ignore', 'ignore_ament_install']
[2.446s] [34mcolcon.colcon_core.package_identification[0m [1;30mLevel 1[0m _identify(integrations/mmgg/petwaterdispenser) by extension 'ignore'
[2.446s] [34mcolcon.colcon_core.package_identification[0m [1;30mLevel 1[0m _identify(integrations/mmgg/petwaterdispenser) by extension 'ignore_ament_install'
[2.447s] [34mcolcon.colcon_core.package_identification[0m [1;30mLevel 1[0m _identify(integrations/mmgg/petwaterdispenser) by extensions ['colcon_pkg']
[2.447s] [34mcolcon.colcon_core.package_identification[0m [1;30mLevel 1[0m _identify(integrations/mmgg/petwaterdispenser) by extension 'colcon_pkg'
[2.447s] [34mcolcon.colcon_core.package_identification[0m [1;30mLevel 1[0m _identify(integrations/mmgg/petwaterdispenser) by extensions ['colcon_meta']
[2.447s] [34mcolcon.colcon_core.package_identification[0m [1;30mLevel 1[0m _identify(integrations/mmgg/petwaterdispenser) by extension 'colcon_meta'
[2.447s] [34mcolcon.colcon_core.package_identification[0m [1;30mLevel 1[0m _identify(integrations/mmgg/petwaterdispenser) by extensions ['ros']
[2.447s] [34mcolcon.colcon_core.package_identification[0m [1;30mLevel 1[0m _identify(integrations/mmgg/petwaterdispenser) by extension 'ros'
[2.448s] [34mcolcon.colcon_core.package_identification[0m [1;30mLevel 1[0m _identify(integrations/mmgg/petwaterdispenser) by extensions ['cmake', 'python']
[2.448s] [34mcolcon.colcon_core.package_identification[0m [1;30mLevel 1[0m _identify(integrations/mmgg/petwaterdispenser) by extension 'cmake'
[2.448s] [34mcolcon.colcon_core.package_identification[0m [1;30mLevel 1[0m _identify(integrations/mmgg/petwaterdispenser) by extension 'python'
[2.448s] [34mcolcon.colcon_core.package_identification[0m [1;30mLevel 1[0m _identify(integrations/mmgg/petwaterdispenser) by extensions ['python_setup_py']
[2.448s] [34mcolcon.colcon_core.package_identification[0m [1;30mLevel 1[0m _identify(integrations/mmgg/petwaterdispenser) by extension 'python_setup_py'
[2.449s] [34mcolcon.colcon_core.package_identification[0m [1;30mLevel 1[0m _identify(integrations/mmgg/petwaterdispenser/__pycache__) by extensions ['ignore', 'ignore_ament_install']
[2.450s] [34mcolcon.colcon_core.package_identification[0m [1;30mLevel 1[0m _identify(integrations/mmgg/petwaterdispenser/__pycache__) by extension 'ignore'
[2.450s] [34mcolcon.colcon_core.package_identification[0m [1;30mLevel 1[0m _identify(integrations/mmgg/petwaterdispenser/__pycache__) by extension 'ignore_ament_install'
[2.450s] [34mcolcon.colcon_core.package_identification[0m [1;30mLevel 1[0m _identify(integrations/mmgg/petwaterdispenser/__pycache__) by extensions ['colcon_pkg']
[2.450s] [34mcolcon.colcon_core.package_identification[0m [1;30mLevel 1[0m _identify(integrations/mmgg/petwaterdispenser/__pycache__) by extension 'colcon_pkg'
[2.451s] [34mcolcon.colcon_core.package_identification[0m [1;30mLevel 1[0m _identify(integrations/mmgg/petwaterdispenser/__pycache__) by extensions ['colcon_meta']
[2.451s] [34mcolcon.colcon_core.package_identification[0m [1;30mLevel 1[0m _identify(integrations/mmgg/petwaterdispenser/__pycache__) by extension 'colcon_meta'
[2.451s] [34mcolcon.colcon_core.package_identification[0m [1;30mLevel 1[0m _identify(integrations/mmgg/petwaterdispenser/__pycache__) by extensions ['ros']
[2.451s] [34mcolcon.colcon_core.package_identification[0m [1;30mLevel 1[0m _identify(integrations/mmgg/petwaterdispenser/__pycache__) by extension 'ros'
[2.452s] [34mcolcon.colcon_core.package_identification[0m [1;30mLevel 1[0m _identify(integrations/mmgg/petwaterdispenser/__pycache__) by extensions ['cmake', 'python']
[2.452s] [34mcolcon.colcon_core.package_identification[0m [1;30mLevel 1[0m _identify(integrations/mmgg/petwaterdispenser/__pycache__) by extension 'cmake'
[2.452s] [34mcolcon.colcon_core.package_identification[0m [1;30mLevel 1[0m _identify(integrations/mmgg/petwaterdispenser/__pycache__) by extension 'python'
[2.452s] [34mcolcon.colcon_core.package_identification[0m [1;30mLevel 1[0m _identify(integrations/mmgg/petwaterdispenser/__pycache__) by extensions ['python_setup_py']
[2.452s] [34mcolcon.colcon_core.package_identification[0m [1;30mLevel 1[0m _identify(integrations/mmgg/petwaterdispenser/__pycache__) by extension 'python_setup_py'
[2.453s] [34mcolcon.colcon_core.package_identification[0m [1;30mLevel 1[0m _identify(integrations/mmgg/petwaterdispenser/tests) by extensions ['ignore', 'ignore_ament_install']
[2.454s] [34mcolcon.colcon_core.package_identification[0m [1;30mLevel 1[0m _identify(integrations/mmgg/petwaterdispenser/tests) by extension 'ignore'
[2.454s] [34mcolcon.colcon_core.package_identification[0m [1;30mLevel 1[0m _identify(integrations/mmgg/petwaterdispenser/tests) by extension 'ignore_ament_install'
[2.455s] [34mcolcon.colcon_core.package_identification[0m [1;30mLevel 1[0m _identify(integrations/mmgg/petwaterdispenser/tests) by extensions ['colcon_pkg']
[2.455s] [34mcolcon.colcon_core.package_identification[0m [1;30mLevel 1[0m _identify(integrations/mmgg/petwaterdispenser/tests) by extension 'colcon_pkg'
[2.455s] [34mcolcon.colcon_core.package_identification[0m [1;30mLevel 1[0m _identify(integrations/mmgg/petwaterdispenser/tests) by extensions ['colcon_meta']
[2.455s] [34mcolcon.colcon_core.package_identification[0m [1;30mLevel 1[0m _identify(integrations/mmgg/petwaterdispenser/tests) by extension 'colcon_meta'
[2.455s] [34mcolcon.colcon_core.package_identification[0m [1;30mLevel 1[0m _identify(integrations/mmgg/petwaterdispenser/tests) by extensions ['ros']
[2.455s] [34mcolcon.colcon_core.package_identification[0m [1;30mLevel 1[0m _identify(integrations/mmgg/petwaterdispenser/tests) by extension 'ros'
[2.456s] [34mcolcon.colcon_core.package_identification[0m [1;30mLevel 1[0m _identify(integrations/mmgg/petwaterdispenser/tests) by extensions ['cmake', 'python']
[2.456s] [34mcolcon.colcon_core.package_identification[0m [1;30mLevel 1[0m _identify(integrations/mmgg/petwaterdispenser/tests) by extension 'cmake'
[2.456s] [34mcolcon.colcon_core.package_identification[0m [1;30mLevel 1[0m _identify(integrations/mmgg/petwaterdispenser/tests) by extension 'python'
[2.456s] [34mcolcon.colcon_core.package_identification[0m [1;30mLevel 1[0m _identify(integrations/mmgg/petwaterdispenser/tests) by extensions ['python_setup_py']
[2.456s] [34mcolcon.colcon_core.package_identification[0m [1;30mLevel 1[0m _identify(integrations/mmgg/petwaterdispenser/tests) by extension 'python_setup_py'
[2.457s] [34mcolcon.colcon_core.package_identification[0m [1;30mLevel 1[0m _identify(integrations/nwt) by extensions ['ignore', 'ignore_ament_install']
[2.458s] [34mcolcon.colcon_core.package_identification[0m [1;30mLevel 1[0m _identify(integrations/nwt) by extension 'ignore'
[2.458s] [34mcolcon.colcon_core.package_identification[0m [1;30mLevel 1[0m _identify(integrations/nwt) by extension 'ignore_ament_install'
[2.458s] [34mcolcon.colcon_core.package_identification[0m [1;30mLevel 1[0m _identify(integrations/nwt) by extensions ['colcon_pkg']
[2.459s] [34mcolcon.colcon_core.package_identification[0m [1;30mLevel 1[0m _identify(integrations/nwt) by extension 'colcon_pkg'
[2.459s] [34mcolcon.colcon_core.package_identification[0m [1;30mLevel 1[0m _identify(integrations/nwt) by extensions ['colcon_meta']
[2.459s] [34mcolcon.colcon_core.package_identification[0m [1;30mLevel 1[0m _identify(integrations/nwt) by extension 'colcon_meta'
[2.459s] [34mcolcon.colcon_core.package_identification[0m [1;30mLevel 1[0m _identify(integrations/nwt) by extensions ['ros']
[2.459s] [34mcolcon.colcon_core.package_identification[0m [1;30mLevel 1[0m _identify(integrations/nwt) by extension 'ros'
[2.460s] [34mcolcon.colcon_core.package_identification[0m [1;30mLevel 1[0m _identify(integrations/nwt) by extensions ['cmake', 'python']
[2.460s] [34mcolcon.colcon_core.package_identification[0m [1;30mLevel 1[0m _identify(integrations/nwt) by extension 'cmake'
[2.460s] [34mcolcon.colcon_core.package_identification[0m [1;30mLevel 1[0m _identify(integrations/nwt) by extension 'python'
[2.460s] [34mcolcon.colcon_core.package_identification[0m [1;30mLevel 1[0m _identify(integrations/nwt) by extensions ['python_setup_py']
[2.460s] [34mcolcon.colcon_core.package_identification[0m [1;30mLevel 1[0m _identify(integrations/nwt) by extension 'python_setup_py'
[2.461s] [34mcolcon.colcon_core.package_identification[0m [1;30mLevel 1[0m _identify(integrations/nwt/__pycache__) by extensions ['ignore', 'ignore_ament_install']
[2.462s] [34mcolcon.colcon_core.package_identification[0m [1;30mLevel 1[0m _identify(integrations/nwt/__pycache__) by extension 'ignore'
[2.462s] [34mcolcon.colcon_core.package_identification[0m [1;30mLevel 1[0m _identify(integrations/nwt/__pycache__) by extension 'ignore_ament_install'
[2.462s] [34mcolcon.colcon_core.package_identification[0m [1;30mLevel 1[0m _identify(integrations/nwt/__pycache__) by extensions ['colcon_pkg']
[2.462s] [34mcolcon.colcon_core.package_identification[0m [1;30mLevel 1[0m _identify(integrations/nwt/__pycache__) by extension 'colcon_pkg'
[2.462s] [34mcolcon.colcon_core.package_identification[0m [1;30mLevel 1[0m _identify(integrations/nwt/__pycache__) by extensions ['colcon_meta']
[2.463s] [34mcolcon.colcon_core.package_identification[0m [1;30mLevel 1[0m _identify(integrations/nwt/__pycache__) by extension 'colcon_meta'
[2.463s] [34mcolcon.colcon_core.package_identification[0m [1;30mLevel 1[0m _identify(integrations/nwt/__pycache__) by extensions ['ros']
[2.463s] [34mcolcon.colcon_core.package_identification[0m [1;30mLevel 1[0m _identify(integrations/nwt/__pycache__) by extension 'ros'
[2.463s] [34mcolcon.colcon_core.package_identification[0m [1;30mLevel 1[0m _identify(integrations/nwt/__pycache__) by extensions ['cmake', 'python']
[2.463s] [34mcolcon.colcon_core.package_identification[0m [1;30mLevel 1[0m _identify(integrations/nwt/__pycache__) by extension 'cmake'
[2.464s] [34mcolcon.colcon_core.package_identification[0m [1;30mLevel 1[0m _identify(integrations/nwt/__pycache__) by extension 'python'
[2.464s] [34mcolcon.colcon_core.package_identification[0m [1;30mLevel 1[0m _identify(integrations/nwt/__pycache__) by extensions ['python_setup_py']
[2.464s] [34mcolcon.colcon_core.package_identification[0m [1;30mLevel 1[0m _identify(integrations/nwt/__pycache__) by extension 'python_setup_py'
[2.465s] [34mcolcon.colcon_core.package_identification[0m [1;30mLevel 1[0m _identify(integrations/nwt/dehumidifier) by extensions ['ignore', 'ignore_ament_install']
[2.465s] [34mcolcon.colcon_core.package_identification[0m [1;30mLevel 1[0m _identify(integrations/nwt/dehumidifier) by extension 'ignore'
[2.466s] [34mcolcon.colcon_core.package_identification[0m [1;30mLevel 1[0m _identify(integrations/nwt/dehumidifier) by extension 'ignore_ament_install'
[2.466s] [34mcolcon.colcon_core.package_identification[0m [1;30mLevel 1[0m _identify(integrations/nwt/dehumidifier) by extensions ['colcon_pkg']
[2.466s] [34mcolcon.colcon_core.package_identification[0m [1;30mLevel 1[0m _identify(integrations/nwt/dehumidifier) by extension 'colcon_pkg'
[2.466s] [34mcolcon.colcon_core.package_identification[0m [1;30mLevel 1[0m _identify(integrations/nwt/dehumidifier) by extensions ['colcon_meta']
[2.466s] [34mcolcon.colcon_core.package_identification[0m [1;30mLevel 1[0m _identify(integrations/nwt/dehumidifier) by extension 'colcon_meta'
[2.467s] [34mcolcon.colcon_core.package_identification[0m [1;30mLevel 1[0m _identify(integrations/nwt/dehumidifier) by extensions ['ros']
[2.467s] [34mcolcon.colcon_core.package_identification[0m [1;30mLevel 1[0m _identify(integrations/nwt/dehumidifier) by extension 'ros'
[2.467s] [34mcolcon.colcon_core.package_identification[0m [1;30mLevel 1[0m _identify(integrations/nwt/dehumidifier) by extensions ['cmake', 'python']
[2.467s] [34mcolcon.colcon_core.package_identification[0m [1;30mLevel 1[0m _identify(integrations/nwt/dehumidifier) by extension 'cmake'
[2.467s] [34mcolcon.colcon_core.package_identification[0m [1;30mLevel 1[0m _identify(integrations/nwt/dehumidifier) by extension 'python'
[2.468s] [34mcolcon.colcon_core.package_identification[0m [1;30mLevel 1[0m _identify(integrations/nwt/dehumidifier) by extensions ['python_setup_py']
[2.468s] [34mcolcon.colcon_core.package_identification[0m [1;30mLevel 1[0m _identify(integrations/nwt/dehumidifier) by extension 'python_setup_py'
[2.469s] [34mcolcon.colcon_core.package_identification[0m [1;30mLevel 1[0m _identify(integrations/nwt/dehumidifier/__pycache__) by extensions ['ignore', 'ignore_ament_install']
[2.469s] [34mcolcon.colcon_core.package_identification[0m [1;30mLevel 1[0m _identify(integrations/nwt/dehumidifier/__pycache__) by extension 'ignore'
[2.469s] [34mcolcon.colcon_core.package_identification[0m [1;30mLevel 1[0m _identify(integrations/nwt/dehumidifier/__pycache__) by extension 'ignore_ament_install'
[2.470s] [34mcolcon.colcon_core.package_identification[0m [1;30mLevel 1[0m _identify(integrations/nwt/dehumidifier/__pycache__) by extensions ['colcon_pkg']
[2.470s] [34mcolcon.colcon_core.package_identification[0m [1;30mLevel 1[0m _identify(integrations/nwt/dehumidifier/__pycache__) by extension 'colcon_pkg'
[2.470s] [34mcolcon.colcon_core.package_identification[0m [1;30mLevel 1[0m _identify(integrations/nwt/dehumidifier/__pycache__) by extensions ['colcon_meta']
[2.470s] [34mcolcon.colcon_core.package_identification[0m [1;30mLevel 1[0m _identify(integrations/nwt/dehumidifier/__pycache__) by extension 'colcon_meta'
[2.470s] [34mcolcon.colcon_core.package_identification[0m [1;30mLevel 1[0m _identify(integrations/nwt/dehumidifier/__pycache__) by extensions ['ros']
[2.471s] [34mcolcon.colcon_core.package_identification[0m [1;30mLevel 1[0m _identify(integrations/nwt/dehumidifier/__pycache__) by extension 'ros'
[2.471s] [34mcolcon.colcon_core.package_identification[0m [1;30mLevel 1[0m _identify(integrations/nwt/dehumidifier/__pycache__) by extensions ['cmake', 'python']
[2.471s] [34mcolcon.colcon_core.package_identification[0m [1;30mLevel 1[0m _identify(integrations/nwt/dehumidifier/__pycache__) by extension 'cmake'
[2.471s] [34mcolcon.colcon_core.package_identification[0m [1;30mLevel 1[0m _identify(integrations/nwt/dehumidifier/__pycache__) by extension 'python'
[2.472s] [34mcolcon.colcon_core.package_identification[0m [1;30mLevel 1[0m _identify(integrations/nwt/dehumidifier/__pycache__) by extensions ['python_setup_py']
[2.472s] [34mcolcon.colcon_core.package_identification[0m [1;30mLevel 1[0m _identify(integrations/nwt/dehumidifier/__pycache__) by extension 'python_setup_py'
[2.473s] [34mcolcon.colcon_core.package_identification[0m [1;30mLevel 1[0m _identify(integrations/philips) by extensions ['ignore', 'ignore_ament_install']
[2.473s] [34mcolcon.colcon_core.package_identification[0m [1;30mLevel 1[0m _identify(integrations/philips) by extension 'ignore'
[2.474s] [34mcolcon.colcon_core.package_identification[0m [1;30mLevel 1[0m _identify(integrations/philips) by extension 'ignore_ament_install'
[2.474s] [34mcolcon.colcon_core.package_identification[0m [1;30mLevel 1[0m _identify(integrations/philips) by extensions ['colcon_pkg']
[2.474s] [34mcolcon.colcon_core.package_identification[0m [1;30mLevel 1[0m _identify(integrations/philips) by extension 'colcon_pkg'
[2.474s] [34mcolcon.colcon_core.package_identification[0m [1;30mLevel 1[0m _identify(integrations/philips) by extensions ['colcon_meta']
[2.474s] [34mcolcon.colcon_core.package_identification[0m [1;30mLevel 1[0m _identify(integrations/philips) by extension 'colcon_meta'
[2.474s] [34mcolcon.colcon_core.package_identification[0m [1;30mLevel 1[0m _identify(integrations/philips) by extensions ['ros']
[2.475s] [34mcolcon.colcon_core.package_identification[0m [1;30mLevel 1[0m _identify(integrations/philips) by extension 'ros'
[2.475s] [34mcolcon.colcon_core.package_identification[0m [1;30mLevel 1[0m _identify(integrations/philips) by extensions ['cmake', 'python']
[2.475s] [34mcolcon.colcon_core.package_identification[0m [1;30mLevel 1[0m _identify(integrations/philips) by extension 'cmake'
[2.475s] [34mcolcon.colcon_core.package_identification[0m [1;30mLevel 1[0m _identify(integrations/philips) by extension 'python'
[2.475s] [34mcolcon.colcon_core.package_identification[0m [1;30mLevel 1[0m _identify(integrations/philips) by extensions ['python_setup_py']
[2.476s] [34mcolcon.colcon_core.package_identification[0m [1;30mLevel 1[0m _identify(integrations/philips) by extension 'python_setup_py'
[2.477s] [34mcolcon.colcon_core.package_identification[0m [1;30mLevel 1[0m _identify(integrations/philips/__pycache__) by extensions ['ignore', 'ignore_ament_install']
[2.477s] [34mcolcon.colcon_core.package_identification[0m [1;30mLevel 1[0m _identify(integrations/philips/__pycache__) by extension 'ignore'
[2.477s] [34mcolcon.colcon_core.package_identification[0m [1;30mLevel 1[0m _identify(integrations/philips/__pycache__) by extension 'ignore_ament_install'
[2.477s] [34mcolcon.colcon_core.package_identification[0m [1;30mLevel 1[0m _identify(integrations/philips/__pycache__) by extensions ['colcon_pkg']
[2.478s] [34mcolcon.colcon_core.package_identification[0m [1;30mLevel 1[0m _identify(integrations/philips/__pycache__) by extension 'colcon_pkg'
[2.478s] [34mcolcon.colcon_core.package_identification[0m [1;30mLevel 1[0m _identify(integrations/philips/__pycache__) by extensions ['colcon_meta']
[2.478s] [34mcolcon.colcon_core.package_identification[0m [1;30mLevel 1[0m _identify(integrations/philips/__pycache__) by extension 'colcon_meta'
[2.478s] [34mcolcon.colcon_core.package_identification[0m [1;30mLevel 1[0m _identify(integrations/philips/__pycache__) by extensions ['ros']
[2.478s] [34mcolcon.colcon_core.package_identification[0m [1;30mLevel 1[0m _identify(integrations/philips/__pycache__) by extension 'ros'
[2.479s] [34mcolcon.colcon_core.package_identification[0m [1;30mLevel 1[0m _identify(integrations/philips/__pycache__) by extensions ['cmake', 'python']
[2.479s] [34mcolcon.colcon_core.package_identification[0m [1;30mLevel 1[0m _identify(integrations/philips/__pycache__) by extension 'cmake'
[2.479s] [34mcolcon.colcon_core.package_identification[0m [1;30mLevel 1[0m _identify(integrations/philips/__pycache__) by extension 'python'
[2.479s] [34mcolcon.colcon_core.package_identification[0m [1;30mLevel 1[0m _identify(integrations/philips/__pycache__) by extensions ['python_setup_py']
[2.479s] [34mcolcon.colcon_core.package_identification[0m [1;30mLevel 1[0m _identify(integrations/philips/__pycache__) by extension 'python_setup_py'
[2.480s] [34mcolcon.colcon_core.package_identification[0m [1;30mLevel 1[0m _identify(integrations/philips/light) by extensions ['ignore', 'ignore_ament_install']
[2.481s] [34mcolcon.colcon_core.package_identification[0m [1;30mLevel 1[0m _identify(integrations/philips/light) by extension 'ignore'
[2.481s] [34mcolcon.colcon_core.package_identification[0m [1;30mLevel 1[0m _identify(integrations/philips/light) by extension 'ignore_ament_install'
[2.481s] [34mcolcon.colcon_core.package_identification[0m [1;30mLevel 1[0m _identify(integrations/philips/light) by extensions ['colcon_pkg']
[2.481s] [34mcolcon.colcon_core.package_identification[0m [1;30mLevel 1[0m _identify(integrations/philips/light) by extension 'colcon_pkg'
[2.482s] [34mcolcon.colcon_core.package_identification[0m [1;30mLevel 1[0m _identify(integrations/philips/light) by extensions ['colcon_meta']
[2.482s] [34mcolcon.colcon_core.package_identification[0m [1;30mLevel 1[0m _identify(integrations/philips/light) by extension 'colcon_meta'
[2.482s] [34mcolcon.colcon_core.package_identification[0m [1;30mLevel 1[0m _identify(integrations/philips/light) by extensions ['ros']
[2.482s] [34mcolcon.colcon_core.package_identification[0m [1;30mLevel 1[0m _identify(integrations/philips/light) by extension 'ros'
[2.482s] [34mcolcon.colcon_core.package_identification[0m [1;30mLevel 1[0m _identify(integrations/philips/light) by extensions ['cmake', 'python']
[2.483s] [34mcolcon.colcon_core.package_identification[0m [1;30mLevel 1[0m _identify(integrations/philips/light) by extension 'cmake'
[2.483s] [34mcolcon.colcon_core.package_identification[0m [1;30mLevel 1[0m _identify(integrations/philips/light) by extension 'python'
[2.483s] [34mcolcon.colcon_core.package_identification[0m [1;30mLevel 1[0m _identify(integrations/philips/light) by extensions ['python_setup_py']
[2.483s] [34mcolcon.colcon_core.package_identification[0m [1;30mLevel 1[0m _identify(integrations/philips/light) by extension 'python_setup_py'
[2.484s] [34mcolcon.colcon_core.package_identification[0m [1;30mLevel 1[0m _identify(integrations/philips/light/__pycache__) by extensions ['ignore', 'ignore_ament_install']
[2.485s] [34mcolcon.colcon_core.package_identification[0m [1;30mLevel 1[0m _identify(integrations/philips/light/__pycache__) by extension 'ignore'
[2.485s] [34mcolcon.colcon_core.package_identification[0m [1;30mLevel 1[0m _identify(integrations/philips/light/__pycache__) by extension 'ignore_ament_install'
[2.485s] [34mcolcon.colcon_core.package_identification[0m [1;30mLevel 1[0m _identify(integrations/philips/light/__pycache__) by extensions ['colcon_pkg']
[2.485s] [34mcolcon.colcon_core.package_identification[0m [1;30mLevel 1[0m _identify(integrations/philips/light/__pycache__) by extension 'colcon_pkg'
[2.485s] [34mcolcon.colcon_core.package_identification[0m [1;30mLevel 1[0m _identify(integrations/philips/light/__pycache__) by extensions ['colcon_meta']
[2.486s] [34mcolcon.colcon_core.package_identification[0m [1;30mLevel 1[0m _identify(integrations/philips/light/__pycache__) by extension 'colcon_meta'
[2.486s] [34mcolcon.colcon_core.package_identification[0m [1;30mLevel 1[0m _identify(integrations/philips/light/__pycache__) by extensions ['ros']
[2.486s] [34mcolcon.colcon_core.package_identification[0m [1;30mLevel 1[0m _identify(integrations/philips/light/__pycache__) by extension 'ros'
[2.486s] [34mcolcon.colcon_core.package_identification[0m [1;30mLevel 1[0m _identify(integrations/philips/light/__pycache__) by extensions ['cmake', 'python']
[2.486s] [34mcolcon.colcon_core.package_identification[0m [1;30mLevel 1[0m _identify(integrations/philips/light/__pycache__) by extension 'cmake'
[2.487s] [34mcolcon.colcon_core.package_identification[0m [1;30mLevel 1[0m _identify(integrations/philips/light/__pycache__) by extension 'python'
[2.487s] [34mcolcon.colcon_core.package_identification[0m [1;30mLevel 1[0m _identify(integrations/philips/light/__pycache__) by extensions ['python_setup_py']
[2.487s] [34mcolcon.colcon_core.package_identification[0m [1;30mLevel 1[0m _identify(integrations/philips/light/__pycache__) by extension 'python_setup_py'
[2.488s] [34mcolcon.colcon_core.package_identification[0m [1;30mLevel 1[0m _identify(integrations/philips/light/tests) by extensions ['ignore', 'ignore_ament_install']
[2.489s] [34mcolcon.colcon_core.package_identification[0m [1;30mLevel 1[0m _identify(integrations/philips/light/tests) by extension 'ignore'
[2.489s] [34mcolcon.colcon_core.package_identification[0m [1;30mLevel 1[0m _identify(integrations/philips/light/tests) by extension 'ignore_ament_install'
[2.489s] [34mcolcon.colcon_core.package_identification[0m [1;30mLevel 1[0m _identify(integrations/philips/light/tests) by extensions ['colcon_pkg']
[2.489s] [34mcolcon.colcon_core.package_identification[0m [1;30mLevel 1[0m _identify(integrations/philips/light/tests) by extension 'colcon_pkg'
[2.489s] [34mcolcon.colcon_core.package_identification[0m [1;30mLevel 1[0m _identify(integrations/philips/light/tests) by extensions ['colcon_meta']
[2.489s] [34mcolcon.colcon_core.package_identification[0m [1;30mLevel 1[0m _identify(integrations/philips/light/tests) by extension 'colcon_meta'
[2.490s] [34mcolcon.colcon_core.package_identification[0m [1;30mLevel 1[0m _identify(integrations/philips/light/tests) by extensions ['ros']
[2.490s] [34mcolcon.colcon_core.package_identification[0m [1;30mLevel 1[0m _identify(integrations/philips/light/tests) by extension 'ros'
[2.490s] [34mcolcon.colcon_core.package_identification[0m [1;30mLevel 1[0m _identify(integrations/philips/light/tests) by extensions ['cmake', 'python']
[2.491s] [34mcolcon.colcon_core.package_identification[0m [1;30mLevel 1[0m _identify(integrations/philips/light/tests) by extension 'cmake'
[2.491s] [34mcolcon.colcon_core.package_identification[0m [1;30mLevel 1[0m _identify(integrations/philips/light/tests) by extension 'python'
[2.491s] [34mcolcon.colcon_core.package_identification[0m [1;30mLevel 1[0m _identify(integrations/philips/light/tests) by extensions ['python_setup_py']
[2.491s] [34mcolcon.colcon_core.package_identification[0m [1;30mLevel 1[0m _identify(integrations/philips/light/tests) by extension 'python_setup_py'
[2.492s] [34mcolcon.colcon_core.package_identification[0m [1;30mLevel 1[0m _identify(integrations/pwzn) by extensions ['ignore', 'ignore_ament_install']
[2.492s] [34mcolcon.colcon_core.package_identification[0m [1;30mLevel 1[0m _identify(integrations/pwzn) by extension 'ignore'
[2.493s] [34mcolcon.colcon_core.package_identification[0m [1;30mLevel 1[0m _identify(integrations/pwzn) by extension 'ignore_ament_install'
[2.493s] [34mcolcon.colcon_core.package_identification[0m [1;30mLevel 1[0m _identify(integrations/pwzn) by extensions ['colcon_pkg']
[2.493s] [34mcolcon.colcon_core.package_identification[0m [1;30mLevel 1[0m _identify(integrations/pwzn) by extension 'colcon_pkg'
[2.493s] [34mcolcon.colcon_core.package_identification[0m [1;30mLevel 1[0m _identify(integrations/pwzn) by extensions ['colcon_meta']
[2.493s] [34mcolcon.colcon_core.package_identification[0m [1;30mLevel 1[0m _identify(integrations/pwzn) by extension 'colcon_meta'
[2.494s] [34mcolcon.colcon_core.package_identification[0m [1;30mLevel 1[0m _identify(integrations/pwzn) by extensions ['ros']
[2.494s] [34mcolcon.colcon_core.package_identification[0m [1;30mLevel 1[0m _identify(integrations/pwzn) by extension 'ros'
[2.494s] [34mcolcon.colcon_core.package_identification[0m [1;30mLevel 1[0m _identify(integrations/pwzn) by extensions ['cmake', 'python']
[2.494s] [34mcolcon.colcon_core.package_identification[0m [1;30mLevel 1[0m _identify(integrations/pwzn) by extension 'cmake'
[2.494s] [34mcolcon.colcon_core.package_identification[0m [1;30mLevel 1[0m _identify(integrations/pwzn) by extension 'python'
[2.495s] [34mcolcon.colcon_core.package_identification[0m [1;30mLevel 1[0m _identify(integrations/pwzn) by extensions ['python_setup_py']
[2.495s] [34mcolcon.colcon_core.package_identification[0m [1;30mLevel 1[0m _identify(integrations/pwzn) by extension 'python_setup_py'
[2.496s] [34mcolcon.colcon_core.package_identification[0m [1;30mLevel 1[0m _identify(integrations/pwzn/__pycache__) by extensions ['ignore', 'ignore_ament_install']
[2.496s] [34mcolcon.colcon_core.package_identification[0m [1;30mLevel 1[0m _identify(integrations/pwzn/__pycache__) by extension 'ignore'
[2.496s] [34mcolcon.colcon_core.package_identification[0m [1;30mLevel 1[0m _identify(integrations/pwzn/__pycache__) by extension 'ignore_ament_install'
[2.497s] [34mcolcon.colcon_core.package_identification[0m [1;30mLevel 1[0m _identify(integrations/pwzn/__pycache__) by extensions ['colcon_pkg']
[2.497s] [34mcolcon.colcon_core.package_identification[0m [1;30mLevel 1[0m _identify(integrations/pwzn/__pycache__) by extension 'colcon_pkg'
[2.497s] [34mcolcon.colcon_core.package_identification[0m [1;30mLevel 1[0m _identify(integrations/pwzn/__pycache__) by extensions ['colcon_meta']
[2.497s] [34mcolcon.colcon_core.package_identification[0m [1;30mLevel 1[0m _identify(integrations/pwzn/__pycache__) by extension 'colcon_meta'
[2.497s] [34mcolcon.colcon_core.package_identification[0m [1;30mLevel 1[0m _identify(integrations/pwzn/__pycache__) by extensions ['ros']
[2.497s] [34mcolcon.colcon_core.package_identification[0m [1;30mLevel 1[0m _identify(integrations/pwzn/__pycache__) by extension 'ros'
[2.498s] [34mcolcon.colcon_core.package_identification[0m [1;30mLevel 1[0m _identify(integrations/pwzn/__pycache__) by extensions ['cmake', 'python']
[2.498s] [34mcolcon.colcon_core.package_identification[0m [1;30mLevel 1[0m _identify(integrations/pwzn/__pycache__) by extension 'cmake'
[2.498s] [34mcolcon.colcon_core.package_identification[0m [1;30mLevel 1[0m _identify(integrations/pwzn/__pycache__) by extension 'python'
[2.498s] [34mcolcon.colcon_core.package_identification[0m [1;30mLevel 1[0m _identify(integrations/pwzn/__pycache__) by extensions ['python_setup_py']
[2.498s] [34mcolcon.colcon_core.package_identification[0m [1;30mLevel 1[0m _identify(integrations/pwzn/__pycache__) by extension 'python_setup_py'
[2.499s] [34mcolcon.colcon_core.package_identification[0m [1;30mLevel 1[0m _identify(integrations/pwzn/relay) by extensions ['ignore', 'ignore_ament_install']
[2.500s] [34mcolcon.colcon_core.package_identification[0m [1;30mLevel 1[0m _identify(integrations/pwzn/relay) by extension 'ignore'
[2.500s] [34mcolcon.colcon_core.package_identification[0m [1;30mLevel 1[0m _identify(integrations/pwzn/relay) by extension 'ignore_ament_install'
[2.500s] [34mcolcon.colcon_core.package_identification[0m [1;30mLevel 1[0m _identify(integrations/pwzn/relay) by extensions ['colcon_pkg']
[2.500s] [34mcolcon.colcon_core.package_identification[0m [1;30mLevel 1[0m _identify(integrations/pwzn/relay) by extension 'colcon_pkg'
[2.501s] [34mcolcon.colcon_core.package_identification[0m [1;30mLevel 1[0m _identify(integrations/pwzn/relay) by extensions ['colcon_meta']
[2.501s] [34mcolcon.colcon_core.package_identification[0m [1;30mLevel 1[0m _identify(integrations/pwzn/relay) by extension 'colcon_meta'
[2.501s] [34mcolcon.colcon_core.package_identification[0m [1;30mLevel 1[0m _identify(integrations/pwzn/relay) by extensions ['ros']
[2.501s] [34mcolcon.colcon_core.package_identification[0m [1;30mLevel 1[0m _identify(integrations/pwzn/relay) by extension 'ros'
[2.502s] [34mcolcon.colcon_core.package_identification[0m [1;30mLevel 1[0m _identify(integrations/pwzn/relay) by extensions ['cmake', 'python']
[2.502s] [34mcolcon.colcon_core.package_identification[0m [1;30mLevel 1[0m _identify(integrations/pwzn/relay) by extension 'cmake'
[2.502s] [34mcolcon.colcon_core.package_identification[0m [1;30mLevel 1[0m _identify(integrations/pwzn/relay) by extension 'python'
[2.502s] [34mcolcon.colcon_core.package_identification[0m [1;30mLevel 1[0m _identify(integrations/pwzn/relay) by extensions ['python_setup_py']
[2.502s] [34mcolcon.colcon_core.package_identification[0m [1;30mLevel 1[0m _identify(integrations/pwzn/relay) by extension 'python_setup_py'
[2.504s] [34mcolcon.colcon_core.package_identification[0m [1;30mLevel 1[0m _identify(integrations/pwzn/relay/__pycache__) by extensions ['ignore', 'ignore_ament_install']
[2.504s] [34mcolcon.colcon_core.package_identification[0m [1;30mLevel 1[0m _identify(integrations/pwzn/relay/__pycache__) by extension 'ignore'
[2.504s] [34mcolcon.colcon_core.package_identification[0m [1;30mLevel 1[0m _identify(integrations/pwzn/relay/__pycache__) by extension 'ignore_ament_install'
[2.504s] [34mcolcon.colcon_core.package_identification[0m [1;30mLevel 1[0m _identify(integrations/pwzn/relay/__pycache__) by extensions ['colcon_pkg']
[2.505s] [34mcolcon.colcon_core.package_identification[0m [1;30mLevel 1[0m _identify(integrations/pwzn/relay/__pycache__) by extension 'colcon_pkg'
[2.505s] [34mcolcon.colcon_core.package_identification[0m [1;30mLevel 1[0m _identify(integrations/pwzn/relay/__pycache__) by extensions ['colcon_meta']
[2.505s] [34mcolcon.colcon_core.package_identification[0m [1;30mLevel 1[0m _identify(integrations/pwzn/relay/__pycache__) by extension 'colcon_meta'
[2.505s] [34mcolcon.colcon_core.package_identification[0m [1;30mLevel 1[0m _identify(integrations/pwzn/relay/__pycache__) by extensions ['ros']
[2.505s] [34mcolcon.colcon_core.package_identification[0m [1;30mLevel 1[0m _identify(integrations/pwzn/relay/__pycache__) by extension 'ros'
[2.506s] [34mcolcon.colcon_core.package_identification[0m [1;30mLevel 1[0m _identify(integrations/pwzn/relay/__pycache__) by extensions ['cmake', 'python']
[2.506s] [34mcolcon.colcon_core.package_identification[0m [1;30mLevel 1[0m _identify(integrations/pwzn/relay/__pycache__) by extension 'cmake'
[2.506s] [34mcolcon.colcon_core.package_identification[0m [1;30mLevel 1[0m _identify(integrations/pwzn/relay/__pycache__) by extension 'python'
[2.506s] [34mcolcon.colcon_core.package_identification[0m [1;30mLevel 1[0m _identify(integrations/pwzn/relay/__pycache__) by extensions ['python_setup_py']
[2.506s] [34mcolcon.colcon_core.package_identification[0m [1;30mLevel 1[0m _identify(integrations/pwzn/relay/__pycache__) by extension 'python_setup_py'
[2.507s] [34mcolcon.colcon_core.package_identification[0m [1;30mLevel 1[0m _identify(integrations/roborock) by extensions ['ignore', 'ignore_ament_install']
[2.508s] [34mcolcon.colcon_core.package_identification[0m [1;30mLevel 1[0m _identify(integrations/roborock) by extension 'ignore'
[2.508s] [34mcolcon.colcon_core.package_identification[0m [1;30mLevel 1[0m _identify(integrations/roborock) by extension 'ignore_ament_install'
[2.508s] [34mcolcon.colcon_core.package_identification[0m [1;30mLevel 1[0m _identify(integrations/roborock) by extensions ['colcon_pkg']
[2.508s] [34mcolcon.colcon_core.package_identification[0m [1;30mLevel 1[0m _identify(integrations/roborock) by extension 'colcon_pkg'
[2.509s] [34mcolcon.colcon_core.package_identification[0m [1;30mLevel 1[0m _identify(integrations/roborock) by extensions ['colcon_meta']
[2.509s] [34mcolcon.colcon_core.package_identification[0m [1;30mLevel 1[0m _identify(integrations/roborock) by extension 'colcon_meta'
[2.509s] [34mcolcon.colcon_core.package_identification[0m [1;30mLevel 1[0m _identify(integrations/roborock) by extensions ['ros']
[2.509s] [34mcolcon.colcon_core.package_identification[0m [1;30mLevel 1[0m _identify(integrations/roborock) by extension 'ros'
[2.509s] [34mcolcon.colcon_core.package_identification[0m [1;30mLevel 1[0m _identify(integrations/roborock) by extensions ['cmake', 'python']
[2.510s] [34mcolcon.colcon_core.package_identification[0m [1;30mLevel 1[0m _identify(integrations/roborock) by extension 'cmake'
[2.510s] [34mcolcon.colcon_core.package_identification[0m [1;30mLevel 1[0m _identify(integrations/roborock) by extension 'python'
[2.510s] [34mcolcon.colcon_core.package_identification[0m [1;30mLevel 1[0m _identify(integrations/roborock) by extensions ['python_setup_py']
[2.510s] [34mcolcon.colcon_core.package_identification[0m [1;30mLevel 1[0m _identify(integrations/roborock) by extension 'python_setup_py'
[2.511s] [34mcolcon.colcon_core.package_identification[0m [1;30mLevel 1[0m _identify(integrations/roborock/__pycache__) by extensions ['ignore', 'ignore_ament_install']
[2.511s] [34mcolcon.colcon_core.package_identification[0m [1;30mLevel 1[0m _identify(integrations/roborock/__pycache__) by extension 'ignore'
[2.512s] [34mcolcon.colcon_core.package_identification[0m [1;30mLevel 1[0m _identify(integrations/roborock/__pycache__) by extension 'ignore_ament_install'
[2.512s] [34mcolcon.colcon_core.package_identification[0m [1;30mLevel 1[0m _identify(integrations/roborock/__pycache__) by extensions ['colcon_pkg']
[2.512s] [34mcolcon.colcon_core.package_identification[0m [1;30mLevel 1[0m _identify(integrations/roborock/__pycache__) by extension 'colcon_pkg'
[2.512s] [34mcolcon.colcon_core.package_identification[0m [1;30mLevel 1[0m _identify(integrations/roborock/__pycache__) by extensions ['colcon_meta']
[2.512s] [34mcolcon.colcon_core.package_identification[0m [1;30mLevel 1[0m _identify(integrations/roborock/__pycache__) by extension 'colcon_meta'
[2.513s] [34mcolcon.colcon_core.package_identification[0m [1;30mLevel 1[0m _identify(integrations/roborock/__pycache__) by extensions ['ros']
[2.513s] [34mcolcon.colcon_core.package_identification[0m [1;30mLevel 1[0m _identify(integrations/roborock/__pycache__) by extension 'ros'
[2.513s] [34mcolcon.colcon_core.package_identification[0m [1;30mLevel 1[0m _identify(integrations/roborock/__pycache__) by extensions ['cmake', 'python']
[2.513s] [34mcolcon.colcon_core.package_identification[0m [1;30mLevel 1[0m _identify(integrations/roborock/__pycache__) by extension 'cmake'
[2.513s] [34mcolcon.colcon_core.package_identification[0m [1;30mLevel 1[0m _identify(integrations/roborock/__pycache__) by extension 'python'
[2.514s] [34mcolcon.colcon_core.package_identification[0m [1;30mLevel 1[0m _identify(integrations/roborock/__pycache__) by extensions ['python_setup_py']
[2.514s] [34mcolcon.colcon_core.package_identification[0m [1;30mLevel 1[0m _identify(integrations/roborock/__pycache__) by extension 'python_setup_py'
[2.515s] [34mcolcon.colcon_core.package_identification[0m [1;30mLevel 1[0m _identify(integrations/roborock/vacuum) by extensions ['ignore', 'ignore_ament_install']
[2.515s] [34mcolcon.colcon_core.package_identification[0m [1;30mLevel 1[0m _identify(integrations/roborock/vacuum) by extension 'ignore'
[2.515s] [34mcolcon.colcon_core.package_identification[0m [1;30mLevel 1[0m _identify(integrations/roborock/vacuum) by extension 'ignore_ament_install'
[2.516s] [34mcolcon.colcon_core.package_identification[0m [1;30mLevel 1[0m _identify(integrations/roborock/vacuum) by extensions ['colcon_pkg']
[2.516s] [34mcolcon.colcon_core.package_identification[0m [1;30mLevel 1[0m _identify(integrations/roborock/vacuum) by extension 'colcon_pkg'
[2.516s] [34mcolcon.colcon_core.package_identification[0m [1;30mLevel 1[0m _identify(integrations/roborock/vacuum) by extensions ['colcon_meta']
[2.516s] [34mcolcon.colcon_core.package_identification[0m [1;30mLevel 1[0m _identify(integrations/roborock/vacuum) by extension 'colcon_meta'
[2.516s] [34mcolcon.colcon_core.package_identification[0m [1;30mLevel 1[0m _identify(integrations/roborock/vacuum) by extensions ['ros']
[2.516s] [34mcolcon.colcon_core.package_identification[0m [1;30mLevel 1[0m _identify(integrations/roborock/vacuum) by extension 'ros'
[2.517s] [34mcolcon.colcon_core.package_identification[0m [1;30mLevel 1[0m _identify(integrations/roborock/vacuum) by extensions ['cmake', 'python']
[2.517s] [34mcolcon.colcon_core.package_identification[0m [1;30mLevel 1[0m _identify(integrations/roborock/vacuum) by extension 'cmake'
[2.517s] [34mcolcon.colcon_core.package_identification[0m [1;30mLevel 1[0m _identify(integrations/roborock/vacuum) by extension 'python'
[2.517s] [34mcolcon.colcon_core.package_identification[0m [1;30mLevel 1[0m _identify(integrations/roborock/vacuum) by extensions ['python_setup_py']
[2.517s] [34mcolcon.colcon_core.package_identification[0m [1;30mLevel 1[0m _identify(integrations/roborock/vacuum) by extension 'python_setup_py'
[2.519s] [34mcolcon.colcon_core.package_identification[0m [1;30mLevel 1[0m _identify(integrations/roborock/vacuum/__pycache__) by extensions ['ignore', 'ignore_ament_install']
[2.519s] [34mcolcon.colcon_core.package_identification[0m [1;30mLevel 1[0m _identify(integrations/roborock/vacuum/__pycache__) by extension 'ignore'
[2.519s] [34mcolcon.colcon_core.package_identification[0m [1;30mLevel 1[0m _identify(integrations/roborock/vacuum/__pycache__) by extension 'ignore_ament_install'
[2.519s] [34mcolcon.colcon_core.package_identification[0m [1;30mLevel 1[0m _identify(integrations/roborock/vacuum/__pycache__) by extensions ['colcon_pkg']
[2.520s] [34mcolcon.colcon_core.package_identification[0m [1;30mLevel 1[0m _identify(integrations/roborock/vacuum/__pycache__) by extension 'colcon_pkg'
[2.520s] [34mcolcon.colcon_core.package_identification[0m [1;30mLevel 1[0m _identify(integrations/roborock/vacuum/__pycache__) by extensions ['colcon_meta']
[2.520s] [34mcolcon.colcon_core.package_identification[0m [1;30mLevel 1[0m _identify(integrations/roborock/vacuum/__pycache__) by extension 'colcon_meta'
[2.520s] [34mcolcon.colcon_core.package_identification[0m [1;30mLevel 1[0m _identify(integrations/roborock/vacuum/__pycache__) by extensions ['ros']
[2.520s] [34mcolcon.colcon_core.package_identification[0m [1;30mLevel 1[0m _identify(integrations/roborock/vacuum/__pycache__) by extension 'ros'
[2.521s] [34mcolcon.colcon_core.package_identification[0m [1;30mLevel 1[0m _identify(integrations/roborock/vacuum/__pycache__) by extensions ['cmake', 'python']
[2.521s] [34mcolcon.colcon_core.package_identification[0m [1;30mLevel 1[0m _identify(integrations/roborock/vacuum/__pycache__) by extension 'cmake'
[2.521s] [34mcolcon.colcon_core.package_identification[0m [1;30mLevel 1[0m _identify(integrations/roborock/vacuum/__pycache__) by extension 'python'
[2.521s] [34mcolcon.colcon_core.package_identification[0m [1;30mLevel 1[0m _identify(integrations/roborock/vacuum/__pycache__) by extensions ['python_setup_py']
[2.521s] [34mcolcon.colcon_core.package_identification[0m [1;30mLevel 1[0m _identify(integrations/roborock/vacuum/__pycache__) by extension 'python_setup_py'
[2.523s] [34mcolcon.colcon_core.package_identification[0m [1;30mLevel 1[0m _identify(integrations/roborock/vacuum/tests) by extensions ['ignore', 'ignore_ament_install']
[2.523s] [34mcolcon.colcon_core.package_identification[0m [1;30mLevel 1[0m _identify(integrations/roborock/vacuum/tests) by extension 'ignore'
[2.523s] [34mcolcon.colcon_core.package_identification[0m [1;30mLevel 1[0m _identify(integrations/roborock/vacuum/tests) by extension 'ignore_ament_install'
[2.524s] [34mcolcon.colcon_core.package_identification[0m [1;30mLevel 1[0m _identify(integrations/roborock/vacuum/tests) by extensions ['colcon_pkg']
[2.524s] [34mcolcon.colcon_core.package_identification[0m [1;30mLevel 1[0m _identify(integrations/roborock/vacuum/tests) by extension 'colcon_pkg'
[2.524s] [34mcolcon.colcon_core.package_identification[0m [1;30mLevel 1[0m _identify(integrations/roborock/vacuum/tests) by extensions ['colcon_meta']
[2.524s] [34mcolcon.colcon_core.package_identification[0m [1;30mLevel 1[0m _identify(integrations/roborock/vacuum/tests) by extension 'colcon_meta'
[2.524s] [34mcolcon.colcon_core.package_identification[0m [1;30mLevel 1[0m _identify(integrations/roborock/vacuum/tests) by extensions ['ros']
[2.524s] [34mcolcon.colcon_core.package_identification[0m [1;30mLevel 1[0m _identify(integrations/roborock/vacuum/tests) by extension 'ros'
[2.525s] [34mcolcon.colcon_core.package_identification[0m [1;30mLevel 1[0m _identify(integrations/roborock/vacuum/tests) by extensions ['cmake', 'python']
[2.525s] [34mcolcon.colcon_core.package_identification[0m [1;30mLevel 1[0m _identify(integrations/roborock/vacuum/tests) by extension 'cmake'
[2.525s] [34mcolcon.colcon_core.package_identification[0m [1;30mLevel 1[0m _identify(integrations/roborock/vacuum/tests) by extension 'python'
[2.525s] [34mcolcon.colcon_core.package_identification[0m [1;30mLevel 1[0m _identify(integrations/roborock/vacuum/tests) by extensions ['python_setup_py']
[2.525s] [34mcolcon.colcon_core.package_identification[0m [1;30mLevel 1[0m _identify(integrations/roborock/vacuum/tests) by extension 'python_setup_py'
[2.526s] [34mcolcon.colcon_core.package_identification[0m [1;30mLevel 1[0m _identify(integrations/roidmi) by extensions ['ignore', 'ignore_ament_install']
[2.527s] [34mcolcon.colcon_core.package_identification[0m [1;30mLevel 1[0m _identify(integrations/roidmi) by extension 'ignore'
[2.527s] [34mcolcon.colcon_core.package_identification[0m [1;30mLevel 1[0m _identify(integrations/roidmi) by extension 'ignore_ament_install'
[2.527s] [34mcolcon.colcon_core.package_identification[0m [1;30mLevel 1[0m _identify(integrations/roidmi) by extensions ['colcon_pkg']
[2.528s] [34mcolcon.colcon_core.package_identification[0m [1;30mLevel 1[0m _identify(integrations/roidmi) by extension 'colcon_pkg'
[2.528s] [34mcolcon.colcon_core.package_identification[0m [1;30mLevel 1[0m _identify(integrations/roidmi) by extensions ['colcon_meta']
[2.528s] [34mcolcon.colcon_core.package_identification[0m [1;30mLevel 1[0m _identify(integrations/roidmi) by extension 'colcon_meta'
[2.528s] [34mcolcon.colcon_core.package_identification[0m [1;30mLevel 1[0m _identify(integrations/roidmi) by extensions ['ros']
[2.528s] [34mcolcon.colcon_core.package_identification[0m [1;30mLevel 1[0m _identify(integrations/roidmi) by extension 'ros'
[2.528s] [34mcolcon.colcon_core.package_identification[0m [1;30mLevel 1[0m _identify(integrations/roidmi) by extensions ['cmake', 'python']
[2.529s] [34mcolcon.colcon_core.package_identification[0m [1;30mLevel 1[0m _identify(integrations/roidmi) by extension 'cmake'
[2.529s] [34mcolcon.colcon_core.package_identification[0m [1;30mLevel 1[0m _identify(integrations/roidmi) by extension 'python'
[2.529s] [34mcolcon.colcon_core.package_identification[0m [1;30mLevel 1[0m _identify(integrations/roidmi) by extensions ['python_setup_py']
[2.529s] [34mcolcon.colcon_core.package_identification[0m [1;30mLevel 1[0m _identify(integrations/roidmi) by extension 'python_setup_py'
[2.530s] [34mcolcon.colcon_core.package_identification[0m [1;30mLevel 1[0m _identify(integrations/roidmi/__pycache__) by extensions ['ignore', 'ignore_ament_install']
[2.530s] [34mcolcon.colcon_core.package_identification[0m [1;30mLevel 1[0m _identify(integrations/roidmi/__pycache__) by extension 'ignore'
[2.531s] [34mcolcon.colcon_core.package_identification[0m [1;30mLevel 1[0m _identify(integrations/roidmi/__pycache__) by extension 'ignore_ament_install'
[2.531s] [34mcolcon.colcon_core.package_identification[0m [1;30mLevel 1[0m _identify(integrations/roidmi/__pycache__) by extensions ['colcon_pkg']
[2.531s] [34mcolcon.colcon_core.package_identification[0m [1;30mLevel 1[0m _identify(integrations/roidmi/__pycache__) by extension 'colcon_pkg'
[2.531s] [34mcolcon.colcon_core.package_identification[0m [1;30mLevel 1[0m _identify(integrations/roidmi/__pycache__) by extensions ['colcon_meta']
[2.531s] [34mcolcon.colcon_core.package_identification[0m [1;30mLevel 1[0m _identify(integrations/roidmi/__pycache__) by extension 'colcon_meta'
[2.532s] [34mcolcon.colcon_core.package_identification[0m [1;30mLevel 1[0m _identify(integrations/roidmi/__pycache__) by extensions ['ros']
[2.532s] [34mcolcon.colcon_core.package_identification[0m [1;30mLevel 1[0m _identify(integrations/roidmi/__pycache__) by extension 'ros'
[2.532s] [34mcolcon.colcon_core.package_identification[0m [1;30mLevel 1[0m _identify(integrations/roidmi/__pycache__) by extensions ['cmake', 'python']
[2.532s] [34mcolcon.colcon_core.package_identification[0m [1;30mLevel 1[0m _identify(integrations/roidmi/__pycache__) by extension 'cmake'
[2.532s] [34mcolcon.colcon_core.package_identification[0m [1;30mLevel 1[0m _identify(integrations/roidmi/__pycache__) by extension 'python'
[2.533s] [34mcolcon.colcon_core.package_identification[0m [1;30mLevel 1[0m _identify(integrations/roidmi/__pycache__) by extensions ['python_setup_py']
[2.533s] [34mcolcon.colcon_core.package_identification[0m [1;30mLevel 1[0m _identify(integrations/roidmi/__pycache__) by extension 'python_setup_py'
[2.534s] [34mcolcon.colcon_core.package_identification[0m [1;30mLevel 1[0m _identify(integrations/roidmi/vacuum) by extensions ['ignore', 'ignore_ament_install']
[2.534s] [34mcolcon.colcon_core.package_identification[0m [1;30mLevel 1[0m _identify(integrations/roidmi/vacuum) by extension 'ignore'
[2.534s] [34mcolcon.colcon_core.package_identification[0m [1;30mLevel 1[0m _identify(integrations/roidmi/vacuum) by extension 'ignore_ament_install'
[2.535s] [34mcolcon.colcon_core.package_identification[0m [1;30mLevel 1[0m _identify(integrations/roidmi/vacuum) by extensions ['colcon_pkg']
[2.535s] [34mcolcon.colcon_core.package_identification[0m [1;30mLevel 1[0m _identify(integrations/roidmi/vacuum) by extension 'colcon_pkg'
[2.535s] [34mcolcon.colcon_core.package_identification[0m [1;30mLevel 1[0m _identify(integrations/roidmi/vacuum) by extensions ['colcon_meta']
[2.535s] [34mcolcon.colcon_core.package_identification[0m [1;30mLevel 1[0m _identify(integrations/roidmi/vacuum) by extension 'colcon_meta'
[2.535s] [34mcolcon.colcon_core.package_identification[0m [1;30mLevel 1[0m _identify(integrations/roidmi/vacuum) by extensions ['ros']
[2.535s] [34mcolcon.colcon_core.package_identification[0m [1;30mLevel 1[0m _identify(integrations/roidmi/vacuum) by extension 'ros'
[2.536s] [34mcolcon.colcon_core.package_identification[0m [1;30mLevel 1[0m _identify(integrations/roidmi/vacuum) by extensions ['cmake', 'python']
[2.536s] [34mcolcon.colcon_core.package_identification[0m [1;30mLevel 1[0m _identify(integrations/roidmi/vacuum) by extension 'cmake'
[2.536s] [34mcolcon.colcon_core.package_identification[0m [1;30mLevel 1[0m _identify(integrations/roidmi/vacuum) by extension 'python'
[2.536s] [34mcolcon.colcon_core.package_identification[0m [1;30mLevel 1[0m _identify(integrations/roidmi/vacuum) by extensions ['python_setup_py']
[2.536s] [34mcolcon.colcon_core.package_identification[0m [1;30mLevel 1[0m _identify(integrations/roidmi/vacuum) by extension 'python_setup_py'
[2.537s] [34mcolcon.colcon_core.package_identification[0m [1;30mLevel 1[0m _identify(integrations/roidmi/vacuum/__pycache__) by extensions ['ignore', 'ignore_ament_install']
[2.538s] [34mcolcon.colcon_core.package_identification[0m [1;30mLevel 1[0m _identify(integrations/roidmi/vacuum/__pycache__) by extension 'ignore'
[2.538s] [34mcolcon.colcon_core.package_identification[0m [1;30mLevel 1[0m _identify(integrations/roidmi/vacuum/__pycache__) by extension 'ignore_ament_install'
[2.538s] [34mcolcon.colcon_core.package_identification[0m [1;30mLevel 1[0m _identify(integrations/roidmi/vacuum/__pycache__) by extensions ['colcon_pkg']
[2.538s] [34mcolcon.colcon_core.package_identification[0m [1;30mLevel 1[0m _identify(integrations/roidmi/vacuum/__pycache__) by extension 'colcon_pkg'
[2.539s] [34mcolcon.colcon_core.package_identification[0m [1;30mLevel 1[0m _identify(integrations/roidmi/vacuum/__pycache__) by extensions ['colcon_meta']
[2.539s] [34mcolcon.colcon_core.package_identification[0m [1;30mLevel 1[0m _identify(integrations/roidmi/vacuum/__pycache__) by extension 'colcon_meta'
[2.539s] [34mcolcon.colcon_core.package_identification[0m [1;30mLevel 1[0m _identify(integrations/roidmi/vacuum/__pycache__) by extensions ['ros']
[2.539s] [34mcolcon.colcon_core.package_identification[0m [1;30mLevel 1[0m _identify(integrations/roidmi/vacuum/__pycache__) by extension 'ros'
[2.540s] [34mcolcon.colcon_core.package_identification[0m [1;30mLevel 1[0m _identify(integrations/roidmi/vacuum/__pycache__) by extensions ['cmake', 'python']
[2.540s] [34mcolcon.colcon_core.package_identification[0m [1;30mLevel 1[0m _identify(integrations/roidmi/vacuum/__pycache__) by extension 'cmake'
[2.540s] [34mcolcon.colcon_core.package_identification[0m [1;30mLevel 1[0m _identify(integrations/roidmi/vacuum/__pycache__) by extension 'python'
[2.540s] [34mcolcon.colcon_core.package_identification[0m [1;30mLevel 1[0m _identify(integrations/roidmi/vacuum/__pycache__) by extensions ['python_setup_py']
[2.540s] [34mcolcon.colcon_core.package_identification[0m [1;30mLevel 1[0m _identify(integrations/roidmi/vacuum/__pycache__) by extension 'python_setup_py'
[2.541s] [34mcolcon.colcon_core.package_identification[0m [1;30mLevel 1[0m _identify(integrations/roidmi/vacuum/tests) by extensions ['ignore', 'ignore_ament_install']
[2.542s] [34mcolcon.colcon_core.package_identification[0m [1;30mLevel 1[0m _identify(integrations/roidmi/vacuum/tests) by extension 'ignore'
[2.542s] [34mcolcon.colcon_core.package_identification[0m [1;30mLevel 1[0m _identify(integrations/roidmi/vacuum/tests) by extension 'ignore_ament_install'
[2.542s] [34mcolcon.colcon_core.package_identification[0m [1;30mLevel 1[0m _identify(integrations/roidmi/vacuum/tests) by extensions ['colcon_pkg']
[2.542s] [34mcolcon.colcon_core.package_identification[0m [1;30mLevel 1[0m _identify(integrations/roidmi/vacuum/tests) by extension 'colcon_pkg'
[2.543s] [34mcolcon.colcon_core.package_identification[0m [1;30mLevel 1[0m _identify(integrations/roidmi/vacuum/tests) by extensions ['colcon_meta']
[2.543s] [34mcolcon.colcon_core.package_identification[0m [1;30mLevel 1[0m _identify(integrations/roidmi/vacuum/tests) by extension 'colcon_meta'
[2.543s] [34mcolcon.colcon_core.package_identification[0m [1;30mLevel 1[0m _identify(integrations/roidmi/vacuum/tests) by extensions ['ros']
[2.543s] [34mcolcon.colcon_core.package_identification[0m [1;30mLevel 1[0m _identify(integrations/roidmi/vacuum/tests) by extension 'ros'
[2.543s] [34mcolcon.colcon_core.package_identification[0m [1;30mLevel 1[0m _identify(integrations/roidmi/vacuum/tests) by extensions ['cmake', 'python']
[2.544s] [34mcolcon.colcon_core.package_identification[0m [1;30mLevel 1[0m _identify(integrations/roidmi/vacuum/tests) by extension 'cmake'
[2.544s] [34mcolcon.colcon_core.package_identification[0m [1;30mLevel 1[0m _identify(integrations/roidmi/vacuum/tests) by extension 'python'
[2.544s] [34mcolcon.colcon_core.package_identification[0m [1;30mLevel 1[0m _identify(integrations/roidmi/vacuum/tests) by extensions ['python_setup_py']
[2.544s] [34mcolcon.colcon_core.package_identification[0m [1;30mLevel 1[0m _identify(integrations/roidmi/vacuum/tests) by extension 'python_setup_py'
[2.545s] [34mcolcon.colcon_core.package_identification[0m [1;30mLevel 1[0m _identify(integrations/scishare) by extensions ['ignore', 'ignore_ament_install']
[2.546s] [34mcolcon.colcon_core.package_identification[0m [1;30mLevel 1[0m _identify(integrations/scishare) by extension 'ignore'
[2.546s] [34mcolcon.colcon_core.package_identification[0m [1;30mLevel 1[0m _identify(integrations/scishare) by extension 'ignore_ament_install'
[2.546s] [34mcolcon.colcon_core.package_identification[0m [1;30mLevel 1[0m _identify(integrations/scishare) by extensions ['colcon_pkg']
[2.546s] [34mcolcon.colcon_core.package_identification[0m [1;30mLevel 1[0m _identify(integrations/scishare) by extension 'colcon_pkg'
[2.546s] [34mcolcon.colcon_core.package_identification[0m [1;30mLevel 1[0m _identify(integrations/scishare) by extensions ['colcon_meta']
[2.546s] [34mcolcon.colcon_core.package_identification[0m [1;30mLevel 1[0m _identify(integrations/scishare) by extension 'colcon_meta'
[2.547s] [34mcolcon.colcon_core.package_identification[0m [1;30mLevel 1[0m _identify(integrations/scishare) by extensions ['ros']
[2.547s] [34mcolcon.colcon_core.package_identification[0m [1;30mLevel 1[0m _identify(integrations/scishare) by extension 'ros'
[2.547s] [34mcolcon.colcon_core.package_identification[0m [1;30mLevel 1[0m _identify(integrations/scishare) by extensions ['cmake', 'python']
[2.547s] [34mcolcon.colcon_core.package_identification[0m [1;30mLevel 1[0m _identify(integrations/scishare) by extension 'cmake'
[2.548s] [34mcolcon.colcon_core.package_identification[0m [1;30mLevel 1[0m _identify(integrations/scishare) by extension 'python'
[2.548s] [34mcolcon.colcon_core.package_identification[0m [1;30mLevel 1[0m _identify(integrations/scishare) by extensions ['python_setup_py']
[2.548s] [34mcolcon.colcon_core.package_identification[0m [1;30mLevel 1[0m _identify(integrations/scishare) by extension 'python_setup_py'
[2.549s] [34mcolcon.colcon_core.package_identification[0m [1;30mLevel 1[0m _identify(integrations/scishare/__pycache__) by extensions ['ignore', 'ignore_ament_install']
[2.549s] [34mcolcon.colcon_core.package_identification[0m [1;30mLevel 1[0m _identify(integrations/scishare/__pycache__) by extension 'ignore'
[2.549s] [34mcolcon.colcon_core.package_identification[0m [1;30mLevel 1[0m _identify(integrations/scishare/__pycache__) by extension 'ignore_ament_install'
[2.550s] [34mcolcon.colcon_core.package_identification[0m [1;30mLevel 1[0m _identify(integrations/scishare/__pycache__) by extensions ['colcon_pkg']
[2.550s] [34mcolcon.colcon_core.package_identification[0m [1;30mLevel 1[0m _identify(integrations/scishare/__pycache__) by extension 'colcon_pkg'
[2.550s] [34mcolcon.colcon_core.package_identification[0m [1;30mLevel 1[0m _identify(integrations/scishare/__pycache__) by extensions ['colcon_meta']
[2.550s] [34mcolcon.colcon_core.package_identification[0m [1;30mLevel 1[0m _identify(integrations/scishare/__pycache__) by extension 'colcon_meta'
[2.550s] [34mcolcon.colcon_core.package_identification[0m [1;30mLevel 1[0m _identify(integrations/scishare/__pycache__) by extensions ['ros']
[2.550s] [34mcolcon.colcon_core.package_identification[0m [1;30mLevel 1[0m _identify(integrations/scishare/__pycache__) by extension 'ros'
[2.551s] [34mcolcon.colcon_core.package_identification[0m [1;30mLevel 1[0m _identify(integrations/scishare/__pycache__) by extensions ['cmake', 'python']
[2.551s] [34mcolcon.colcon_core.package_identification[0m [1;30mLevel 1[0m _identify(integrations/scishare/__pycache__) by extension 'cmake'
[2.551s] [34mcolcon.colcon_core.package_identification[0m [1;30mLevel 1[0m _identify(integrations/scishare/__pycache__) by extension 'python'
[2.551s] [34mcolcon.colcon_core.package_identification[0m [1;30mLevel 1[0m _identify(integrations/scishare/__pycache__) by extensions ['python_setup_py']
[2.552s] [34mcolcon.colcon_core.package_identification[0m [1;30mLevel 1[0m _identify(integrations/scishare/__pycache__) by extension 'python_setup_py'
[2.553s] [34mcolcon.colcon_core.package_identification[0m [1;30mLevel 1[0m _identify(integrations/scishare/coffee) by extensions ['ignore', 'ignore_ament_install']
[2.553s] [34mcolcon.colcon_core.package_identification[0m [1;30mLevel 1[0m _identify(integrations/scishare/coffee) by extension 'ignore'
[2.554s] [34mcolcon.colcon_core.package_identification[0m [1;30mLevel 1[0m _identify(integrations/scishare/coffee) by extension 'ignore_ament_install'
[2.554s] [34mcolcon.colcon_core.package_identification[0m [1;30mLevel 1[0m _identify(integrations/scishare/coffee) by extensions ['colcon_pkg']
[2.554s] [34mcolcon.colcon_core.package_identification[0m [1;30mLevel 1[0m _identify(integrations/scishare/coffee) by extension 'colcon_pkg'
[2.554s] [34mcolcon.colcon_core.package_identification[0m [1;30mLevel 1[0m _identify(integrations/scishare/coffee) by extensions ['colcon_meta']
[2.554s] [34mcolcon.colcon_core.package_identification[0m [1;30mLevel 1[0m _identify(integrations/scishare/coffee) by extension 'colcon_meta'
[2.554s] [34mcolcon.colcon_core.package_identification[0m [1;30mLevel 1[0m _identify(integrations/scishare/coffee) by extensions ['ros']
[2.555s] [34mcolcon.colcon_core.package_identification[0m [1;30mLevel 1[0m _identify(integrations/scishare/coffee) by extension 'ros'
[2.555s] [34mcolcon.colcon_core.package_identification[0m [1;30mLevel 1[0m _identify(integrations/scishare/coffee) by extensions ['cmake', 'python']
[2.555s] [34mcolcon.colcon_core.package_identification[0m [1;30mLevel 1[0m _identify(integrations/scishare/coffee) by extension 'cmake'
[2.555s] [34mcolcon.colcon_core.package_identification[0m [1;30mLevel 1[0m _identify(integrations/scishare/coffee) by extension 'python'
[2.555s] [34mcolcon.colcon_core.package_identification[0m [1;30mLevel 1[0m _identify(integrations/scishare/coffee) by extensions ['python_setup_py']
[2.556s] [34mcolcon.colcon_core.package_identification[0m [1;30mLevel 1[0m _identify(integrations/scishare/coffee) by extension 'python_setup_py'
[2.557s] [34mcolcon.colcon_core.package_identification[0m [1;30mLevel 1[0m _identify(integrations/scishare/coffee/__pycache__) by extensions ['ignore', 'ignore_ament_install']
[2.557s] [34mcolcon.colcon_core.package_identification[0m [1;30mLevel 1[0m _identify(integrations/scishare/coffee/__pycache__) by extension 'ignore'
[2.557s] [34mcolcon.colcon_core.package_identification[0m [1;30mLevel 1[0m _identify(integrations/scishare/coffee/__pycache__) by extension 'ignore_ament_install'
[2.558s] [34mcolcon.colcon_core.package_identification[0m [1;30mLevel 1[0m _identify(integrations/scishare/coffee/__pycache__) by extensions ['colcon_pkg']
[2.558s] [34mcolcon.colcon_core.package_identification[0m [1;30mLevel 1[0m _identify(integrations/scishare/coffee/__pycache__) by extension 'colcon_pkg'
[2.558s] [34mcolcon.colcon_core.package_identification[0m [1;30mLevel 1[0m _identify(integrations/scishare/coffee/__pycache__) by extensions ['colcon_meta']
[2.558s] [34mcolcon.colcon_core.package_identification[0m [1;30mLevel 1[0m _identify(integrations/scishare/coffee/__pycache__) by extension 'colcon_meta'
[2.558s] [34mcolcon.colcon_core.package_identification[0m [1;30mLevel 1[0m _identify(integrations/scishare/coffee/__pycache__) by extensions ['ros']
[2.558s] [34mcolcon.colcon_core.package_identification[0m [1;30mLevel 1[0m _identify(integrations/scishare/coffee/__pycache__) by extension 'ros'
[2.559s] [34mcolcon.colcon_core.package_identification[0m [1;30mLevel 1[0m _identify(integrations/scishare/coffee/__pycache__) by extensions ['cmake', 'python']
[2.559s] [34mcolcon.colcon_core.package_identification[0m [1;30mLevel 1[0m _identify(integrations/scishare/coffee/__pycache__) by extension 'cmake'
[2.559s] [34mcolcon.colcon_core.package_identification[0m [1;30mLevel 1[0m _identify(integrations/scishare/coffee/__pycache__) by extension 'python'
[2.559s] [34mcolcon.colcon_core.package_identification[0m [1;30mLevel 1[0m _identify(integrations/scishare/coffee/__pycache__) by extensions ['python_setup_py']
[2.559s] [34mcolcon.colcon_core.package_identification[0m [1;30mLevel 1[0m _identify(integrations/scishare/coffee/__pycache__) by extension 'python_setup_py'
[2.560s] [34mcolcon.colcon_core.package_identification[0m [1;30mLevel 1[0m _identify(integrations/shuii) by extensions ['ignore', 'ignore_ament_install']
[2.561s] [34mcolcon.colcon_core.package_identification[0m [1;30mLevel 1[0m _identify(integrations/shuii) by extension 'ignore'
[2.561s] [34mcolcon.colcon_core.package_identification[0m [1;30mLevel 1[0m _identify(integrations/shuii) by extension 'ignore_ament_install'
[2.561s] [34mcolcon.colcon_core.package_identification[0m [1;30mLevel 1[0m _identify(integrations/shuii) by extensions ['colcon_pkg']
[2.562s] [34mcolcon.colcon_core.package_identification[0m [1;30mLevel 1[0m _identify(integrations/shuii) by extension 'colcon_pkg'
[2.562s] [34mcolcon.colcon_core.package_identification[0m [1;30mLevel 1[0m _identify(integrations/shuii) by extensions ['colcon_meta']
[2.562s] [34mcolcon.colcon_core.package_identification[0m [1;30mLevel 1[0m _identify(integrations/shuii) by extension 'colcon_meta'
[2.562s] [34mcolcon.colcon_core.package_identification[0m [1;30mLevel 1[0m _identify(integrations/shuii) by extensions ['ros']
[2.562s] [34mcolcon.colcon_core.package_identification[0m [1;30mLevel 1[0m _identify(integrations/shuii) by extension 'ros'
[2.563s] [34mcolcon.colcon_core.package_identification[0m [1;30mLevel 1[0m _identify(integrations/shuii) by extensions ['cmake', 'python']
[2.563s] [34mcolcon.colcon_core.package_identification[0m [1;30mLevel 1[0m _identify(integrations/shuii) by extension 'cmake'
[2.563s] [34mcolcon.colcon_core.package_identification[0m [1;30mLevel 1[0m _identify(integrations/shuii) by extension 'python'
[2.563s] [34mcolcon.colcon_core.package_identification[0m [1;30mLevel 1[0m _identify(integrations/shuii) by extensions ['python_setup_py']
[2.563s] [34mcolcon.colcon_core.package_identification[0m [1;30mLevel 1[0m _identify(integrations/shuii) by extension 'python_setup_py'
[2.564s] [34mcolcon.colcon_core.package_identification[0m [1;30mLevel 1[0m _identify(integrations/shuii/__pycache__) by extensions ['ignore', 'ignore_ament_install']
[2.565s] [34mcolcon.colcon_core.package_identification[0m [1;30mLevel 1[0m _identify(integrations/shuii/__pycache__) by extension 'ignore'
[2.565s] [34mcolcon.colcon_core.package_identification[0m [1;30mLevel 1[0m _identify(integrations/shuii/__pycache__) by extension 'ignore_ament_install'
[2.565s] [34mcolcon.colcon_core.package_identification[0m [1;30mLevel 1[0m _identify(integrations/shuii/__pycache__) by extensions ['colcon_pkg']
[2.565s] [34mcolcon.colcon_core.package_identification[0m [1;30mLevel 1[0m _identify(integrations/shuii/__pycache__) by extension 'colcon_pkg'
[2.565s] [34mcolcon.colcon_core.package_identification[0m [1;30mLevel 1[0m _identify(integrations/shuii/__pycache__) by extensions ['colcon_meta']
[2.565s] [34mcolcon.colcon_core.package_identification[0m [1;30mLevel 1[0m _identify(integrations/shuii/__pycache__) by extension 'colcon_meta'
[2.566s] [34mcolcon.colcon_core.package_identification[0m [1;30mLevel 1[0m _identify(integrations/shuii/__pycache__) by extensions ['ros']
[2.566s] [34mcolcon.colcon_core.package_identification[0m [1;30mLevel 1[0m _identify(integrations/shuii/__pycache__) by extension 'ros'
[2.566s] [34mcolcon.colcon_core.package_identification[0m [1;30mLevel 1[0m _identify(integrations/shuii/__pycache__) by extensions ['cmake', 'python']
[2.566s] [34mcolcon.colcon_core.package_identification[0m [1;30mLevel 1[0m _identify(integrations/shuii/__pycache__) by extension 'cmake'
[2.567s] [34mcolcon.colcon_core.package_identification[0m [1;30mLevel 1[0m _identify(integrations/shuii/__pycache__) by extension 'python'
[2.567s] [34mcolcon.colcon_core.package_identification[0m [1;30mLevel 1[0m _identify(integrations/shuii/__pycache__) by extensions ['python_setup_py']
[2.567s] [34mcolcon.colcon_core.package_identification[0m [1;30mLevel 1[0m _identify(integrations/shuii/__pycache__) by extension 'python_setup_py'
[2.568s] [34mcolcon.colcon_core.package_identification[0m [1;30mLevel 1[0m _identify(integrations/shuii/humidifier) by extensions ['ignore', 'ignore_ament_install']
[2.568s] [34mcolcon.colcon_core.package_identification[0m [1;30mLevel 1[0m _identify(integrations/shuii/humidifier) by extension 'ignore'
[2.568s] [34mcolcon.colcon_core.package_identification[0m [1;30mLevel 1[0m _identify(integrations/shuii/humidifier) by extension 'ignore_ament_install'
[2.569s] [34mcolcon.colcon_core.package_identification[0m [1;30mLevel 1[0m _identify(integrations/shuii/humidifier) by extensions ['colcon_pkg']
[2.569s] [34mcolcon.colcon_core.package_identification[0m [1;30mLevel 1[0m _identify(integrations/shuii/humidifier) by extension 'colcon_pkg'
[2.569s] [34mcolcon.colcon_core.package_identification[0m [1;30mLevel 1[0m _identify(integrations/shuii/humidifier) by extensions ['colcon_meta']
[2.569s] [34mcolcon.colcon_core.package_identification[0m [1;30mLevel 1[0m _identify(integrations/shuii/humidifier) by extension 'colcon_meta'
[2.569s] [34mcolcon.colcon_core.package_identification[0m [1;30mLevel 1[0m _identify(integrations/shuii/humidifier) by extensions ['ros']
[2.569s] [34mcolcon.colcon_core.package_identification[0m [1;30mLevel 1[0m _identify(integrations/shuii/humidifier) by extension 'ros'
[2.570s] [34mcolcon.colcon_core.package_identification[0m [1;30mLevel 1[0m _identify(integrations/shuii/humidifier) by extensions ['cmake', 'python']
[2.570s] [34mcolcon.colcon_core.package_identification[0m [1;30mLevel 1[0m _identify(integrations/shuii/humidifier) by extension 'cmake'
[2.570s] [34mcolcon.colcon_core.package_identification[0m [1;30mLevel 1[0m _identify(integrations/shuii/humidifier) by extension 'python'
[2.570s] [34mcolcon.colcon_core.package_identification[0m [1;30mLevel 1[0m _identify(integrations/shuii/humidifier) by extensions ['python_setup_py']
[2.570s] [34mcolcon.colcon_core.package_identification[0m [1;30mLevel 1[0m _identify(integrations/shuii/humidifier) by extension 'python_setup_py'
[2.572s] [34mcolcon.colcon_core.package_identification[0m [1;30mLevel 1[0m _identify(integrations/shuii/humidifier/__pycache__) by extensions ['ignore', 'ignore_ament_install']
[2.572s] [34mcolcon.colcon_core.package_identification[0m [1;30mLevel 1[0m _identify(integrations/shuii/humidifier/__pycache__) by extension 'ignore'
[2.573s] [34mcolcon.colcon_core.package_identification[0m [1;30mLevel 1[0m _identify(integrations/shuii/humidifier/__pycache__) by extension 'ignore_ament_install'
[2.573s] [34mcolcon.colcon_core.package_identification[0m [1;30mLevel 1[0m _identify(integrations/shuii/humidifier/__pycache__) by extensions ['colcon_pkg']
[2.573s] [34mcolcon.colcon_core.package_identification[0m [1;30mLevel 1[0m _identify(integrations/shuii/humidifier/__pycache__) by extension 'colcon_pkg'
[2.573s] [34mcolcon.colcon_core.package_identification[0m [1;30mLevel 1[0m _identify(integrations/shuii/humidifier/__pycache__) by extensions ['colcon_meta']
[2.573s] [34mcolcon.colcon_core.package_identification[0m [1;30mLevel 1[0m _identify(integrations/shuii/humidifier/__pycache__) by extension 'colcon_meta'
[2.573s] [34mcolcon.colcon_core.package_identification[0m [1;30mLevel 1[0m _identify(integrations/shuii/humidifier/__pycache__) by extensions ['ros']
[2.574s] [34mcolcon.colcon_core.package_identification[0m [1;30mLevel 1[0m _identify(integrations/shuii/humidifier/__pycache__) by extension 'ros'
[2.574s] [34mcolcon.colcon_core.package_identification[0m [1;30mLevel 1[0m _identify(integrations/shuii/humidifier/__pycache__) by extensions ['cmake', 'python']
[2.574s] [34mcolcon.colcon_core.package_identification[0m [1;30mLevel 1[0m _identify(integrations/shuii/humidifier/__pycache__) by extension 'cmake'
[2.574s] [34mcolcon.colcon_core.package_identification[0m [1;30mLevel 1[0m _identify(integrations/shuii/humidifier/__pycache__) by extension 'python'
[2.575s] [34mcolcon.colcon_core.package_identification[0m [1;30mLevel 1[0m _identify(integrations/shuii/humidifier/__pycache__) by extensions ['python_setup_py']
[2.575s] [34mcolcon.colcon_core.package_identification[0m [1;30mLevel 1[0m _identify(integrations/shuii/humidifier/__pycache__) by extension 'python_setup_py'
[2.576s] [34mcolcon.colcon_core.package_identification[0m [1;30mLevel 1[0m _identify(integrations/shuii/humidifier/tests) by extensions ['ignore', 'ignore_ament_install']
[2.576s] [34mcolcon.colcon_core.package_identification[0m [1;30mLevel 1[0m _identify(integrations/shuii/humidifier/tests) by extension 'ignore'
[2.577s] [34mcolcon.colcon_core.package_identification[0m [1;30mLevel 1[0m _identify(integrations/shuii/humidifier/tests) by extension 'ignore_ament_install'
[2.577s] [34mcolcon.colcon_core.package_identification[0m [1;30mLevel 1[0m _identify(integrations/shuii/humidifier/tests) by extensions ['colcon_pkg']
[2.577s] [34mcolcon.colcon_core.package_identification[0m [1;30mLevel 1[0m _identify(integrations/shuii/humidifier/tests) by extension 'colcon_pkg'
[2.577s] [34mcolcon.colcon_core.package_identification[0m [1;30mLevel 1[0m _identify(integrations/shuii/humidifier/tests) by extensions ['colcon_meta']
[2.577s] [34mcolcon.colcon_core.package_identification[0m [1;30mLevel 1[0m _identify(integrations/shuii/humidifier/tests) by extension 'colcon_meta'
[2.577s] [34mcolcon.colcon_core.package_identification[0m [1;30mLevel 1[0m _identify(integrations/shuii/humidifier/tests) by extensions ['ros']
[2.578s] [34mcolcon.colcon_core.package_identification[0m [1;30mLevel 1[0m _identify(integrations/shuii/humidifier/tests) by extension 'ros'
[2.578s] [34mcolcon.colcon_core.package_identification[0m [1;30mLevel 1[0m _identify(integrations/shuii/humidifier/tests) by extensions ['cmake', 'python']
[2.578s] [34mcolcon.colcon_core.package_identification[0m [1;30mLevel 1[0m _identify(integrations/shuii/humidifier/tests) by extension 'cmake'
[2.578s] [34mcolcon.colcon_core.package_identification[0m [1;30mLevel 1[0m _identify(integrations/shuii/humidifier/tests) by extension 'python'
[2.579s] [34mcolcon.colcon_core.package_identification[0m [1;30mLevel 1[0m _identify(integrations/shuii/humidifier/tests) by extensions ['python_setup_py']
[2.579s] [34mcolcon.colcon_core.package_identification[0m [1;30mLevel 1[0m _identify(integrations/shuii/humidifier/tests) by extension 'python_setup_py'
[2.580s] [34mcolcon.colcon_core.package_identification[0m [1;30mLevel 1[0m _identify(integrations/tinymu) by extensions ['ignore', 'ignore_ament_install']
[2.580s] [34mcolcon.colcon_core.package_identification[0m [1;30mLevel 1[0m _identify(integrations/tinymu) by extension 'ignore'
[2.580s] [34mcolcon.colcon_core.package_identification[0m [1;30mLevel 1[0m _identify(integrations/tinymu) by extension 'ignore_ament_install'
[2.580s] [34mcolcon.colcon_core.package_identification[0m [1;30mLevel 1[0m _identify(integrations/tinymu) by extensions ['colcon_pkg']
[2.581s] [34mcolcon.colcon_core.package_identification[0m [1;30mLevel 1[0m _identify(integrations/tinymu) by extension 'colcon_pkg'
[2.581s] [34mcolcon.colcon_core.package_identification[0m [1;30mLevel 1[0m _identify(integrations/tinymu) by extensions ['colcon_meta']
[2.581s] [34mcolcon.colcon_core.package_identification[0m [1;30mLevel 1[0m _identify(integrations/tinymu) by extension 'colcon_meta'
[2.581s] [34mcolcon.colcon_core.package_identification[0m [1;30mLevel 1[0m _identify(integrations/tinymu) by extensions ['ros']
[2.581s] [34mcolcon.colcon_core.package_identification[0m [1;30mLevel 1[0m _identify(integrations/tinymu) by extension 'ros'
[2.582s] [34mcolcon.colcon_core.package_identification[0m [1;30mLevel 1[0m _identify(integrations/tinymu) by extensions ['cmake', 'python']
[2.582s] [34mcolcon.colcon_core.package_identification[0m [1;30mLevel 1[0m _identify(integrations/tinymu) by extension 'cmake'
[2.582s] [34mcolcon.colcon_core.package_identification[0m [1;30mLevel 1[0m _identify(integrations/tinymu) by extension 'python'
[2.582s] [34mcolcon.colcon_core.package_identification[0m [1;30mLevel 1[0m _identify(integrations/tinymu) by extensions ['python_setup_py']
[2.582s] [34mcolcon.colcon_core.package_identification[0m [1;30mLevel 1[0m _identify(integrations/tinymu) by extension 'python_setup_py'
[2.583s] [34mcolcon.colcon_core.package_identification[0m [1;30mLevel 1[0m _identify(integrations/tinymu/__pycache__) by extensions ['ignore', 'ignore_ament_install']
[2.584s] [34mcolcon.colcon_core.package_identification[0m [1;30mLevel 1[0m _identify(integrations/tinymu/__pycache__) by extension 'ignore'
[2.584s] [34mcolcon.colcon_core.package_identification[0m [1;30mLevel 1[0m _identify(integrations/tinymu/__pycache__) by extension 'ignore_ament_install'
[2.584s] [34mcolcon.colcon_core.package_identification[0m [1;30mLevel 1[0m _identify(integrations/tinymu/__pycache__) by extensions ['colcon_pkg']
[2.584s] [34mcolcon.colcon_core.package_identification[0m [1;30mLevel 1[0m _identify(integrations/tinymu/__pycache__) by extension 'colcon_pkg'
[2.585s] [34mcolcon.colcon_core.package_identification[0m [1;30mLevel 1[0m _identify(integrations/tinymu/__pycache__) by extensions ['colcon_meta']
[2.585s] [34mcolcon.colcon_core.package_identification[0m [1;30mLevel 1[0m _identify(integrations/tinymu/__pycache__) by extension 'colcon_meta'
[2.585s] [34mcolcon.colcon_core.package_identification[0m [1;30mLevel 1[0m _identify(integrations/tinymu/__pycache__) by extensions ['ros']
[2.585s] [34mcolcon.colcon_core.package_identification[0m [1;30mLevel 1[0m _identify(integrations/tinymu/__pycache__) by extension 'ros'
[2.585s] [34mcolcon.colcon_core.package_identification[0m [1;30mLevel 1[0m _identify(integrations/tinymu/__pycache__) by extensions ['cmake', 'python']
[2.586s] [34mcolcon.colcon_core.package_identification[0m [1;30mLevel 1[0m _identify(integrations/tinymu/__pycache__) by extension 'cmake'
[2.586s] [34mcolcon.colcon_core.package_identification[0m [1;30mLevel 1[0m _identify(integrations/tinymu/__pycache__) by extension 'python'
[2.586s] [34mcolcon.colcon_core.package_identification[0m [1;30mLevel 1[0m _identify(integrations/tinymu/__pycache__) by extensions ['python_setup_py']
[2.586s] [34mcolcon.colcon_core.package_identification[0m [1;30mLevel 1[0m _identify(integrations/tinymu/__pycache__) by extension 'python_setup_py'
[2.587s] [34mcolcon.colcon_core.package_identification[0m [1;30mLevel 1[0m _identify(integrations/tinymu/toiletlid) by extensions ['ignore', 'ignore_ament_install']
[2.588s] [34mcolcon.colcon_core.package_identification[0m [1;30mLevel 1[0m _identify(integrations/tinymu/toiletlid) by extension 'ignore'
[2.588s] [34mcolcon.colcon_core.package_identification[0m [1;30mLevel 1[0m _identify(integrations/tinymu/toiletlid) by extension 'ignore_ament_install'
[2.588s] [34mcolcon.colcon_core.package_identification[0m [1;30mLevel 1[0m _identify(integrations/tinymu/toiletlid) by extensions ['colcon_pkg']
[2.588s] [34mcolcon.colcon_core.package_identification[0m [1;30mLevel 1[0m _identify(integrations/tinymu/toiletlid) by extension 'colcon_pkg'
[2.588s] [34mcolcon.colcon_core.package_identification[0m [1;30mLevel 1[0m _identify(integrations/tinymu/toiletlid) by extensions ['colcon_meta']
[2.589s] [34mcolcon.colcon_core.package_identification[0m [1;30mLevel 1[0m _identify(integrations/tinymu/toiletlid) by extension 'colcon_meta'
[2.589s] [34mcolcon.colcon_core.package_identification[0m [1;30mLevel 1[0m _identify(integrations/tinymu/toiletlid) by extensions ['ros']
[2.589s] [34mcolcon.colcon_core.package_identification[0m [1;30mLevel 1[0m _identify(integrations/tinymu/toiletlid) by extension 'ros'
[2.589s] [34mcolcon.colcon_core.package_identification[0m [1;30mLevel 1[0m _identify(integrations/tinymu/toiletlid) by extensions ['cmake', 'python']
[2.589s] [34mcolcon.colcon_core.package_identification[0m [1;30mLevel 1[0m _identify(integrations/tinymu/toiletlid) by extension 'cmake'
[2.590s] [34mcolcon.colcon_core.package_identification[0m [1;30mLevel 1[0m _identify(integrations/tinymu/toiletlid) by extension 'python'
[2.590s] [34mcolcon.colcon_core.package_identification[0m [1;30mLevel 1[0m _identify(integrations/tinymu/toiletlid) by extensions ['python_setup_py']
[2.590s] [34mcolcon.colcon_core.package_identification[0m [1;30mLevel 1[0m _identify(integrations/tinymu/toiletlid) by extension 'python_setup_py'
[2.591s] [34mcolcon.colcon_core.package_identification[0m [1;30mLevel 1[0m _identify(integrations/tinymu/toiletlid/__pycache__) by extensions ['ignore', 'ignore_ament_install']
[2.591s] [34mcolcon.colcon_core.package_identification[0m [1;30mLevel 1[0m _identify(integrations/tinymu/toiletlid/__pycache__) by extension 'ignore'
[2.592s] [34mcolcon.colcon_core.package_identification[0m [1;30mLevel 1[0m _identify(integrations/tinymu/toiletlid/__pycache__) by extension 'ignore_ament_install'
[2.592s] [34mcolcon.colcon_core.package_identification[0m [1;30mLevel 1[0m _identify(integrations/tinymu/toiletlid/__pycache__) by extensions ['colcon_pkg']
[2.592s] [34mcolcon.colcon_core.package_identification[0m [1;30mLevel 1[0m _identify(integrations/tinymu/toiletlid/__pycache__) by extension 'colcon_pkg'
[2.592s] [34mcolcon.colcon_core.package_identification[0m [1;30mLevel 1[0m _identify(integrations/tinymu/toiletlid/__pycache__) by extensions ['colcon_meta']
[2.592s] [34mcolcon.colcon_core.package_identification[0m [1;30mLevel 1[0m _identify(integrations/tinymu/toiletlid/__pycache__) by extension 'colcon_meta'
[2.593s] [34mcolcon.colcon_core.package_identification[0m [1;30mLevel 1[0m _identify(integrations/tinymu/toiletlid/__pycache__) by extensions ['ros']
[2.593s] [34mcolcon.colcon_core.package_identification[0m [1;30mLevel 1[0m _identify(integrations/tinymu/toiletlid/__pycache__) by extension 'ros'
[2.593s] [34mcolcon.colcon_core.package_identification[0m [1;30mLevel 1[0m _identify(integrations/tinymu/toiletlid/__pycache__) by extensions ['cmake', 'python']
[2.593s] [34mcolcon.colcon_core.package_identification[0m [1;30mLevel 1[0m _identify(integrations/tinymu/toiletlid/__pycache__) by extension 'cmake'
[2.593s] [34mcolcon.colcon_core.package_identification[0m [1;30mLevel 1[0m _identify(integrations/tinymu/toiletlid/__pycache__) by extension 'python'
[2.593s] [34mcolcon.colcon_core.package_identification[0m [1;30mLevel 1[0m _identify(integrations/tinymu/toiletlid/__pycache__) by extensions ['python_setup_py']
[2.594s] [34mcolcon.colcon_core.package_identification[0m [1;30mLevel 1[0m _identify(integrations/tinymu/toiletlid/__pycache__) by extension 'python_setup_py'
[2.595s] [34mcolcon.colcon_core.package_identification[0m [1;30mLevel 1[0m _identify(integrations/viomi) by extensions ['ignore', 'ignore_ament_install']
[2.595s] [34mcolcon.colcon_core.package_identification[0m [1;30mLevel 1[0m _identify(integrations/viomi) by extension 'ignore'
[2.595s] [34mcolcon.colcon_core.package_identification[0m [1;30mLevel 1[0m _identify(integrations/viomi) by extension 'ignore_ament_install'
[2.595s] [34mcolcon.colcon_core.package_identification[0m [1;30mLevel 1[0m _identify(integrations/viomi) by extensions ['colcon_pkg']
[2.596s] [34mcolcon.colcon_core.package_identification[0m [1;30mLevel 1[0m _identify(integrations/viomi) by extension 'colcon_pkg'
[2.596s] [34mcolcon.colcon_core.package_identification[0m [1;30mLevel 1[0m _identify(integrations/viomi) by extensions ['colcon_meta']
[2.596s] [34mcolcon.colcon_core.package_identification[0m [1;30mLevel 1[0m _identify(integrations/viomi) by extension 'colcon_meta'
[2.596s] [34mcolcon.colcon_core.package_identification[0m [1;30mLevel 1[0m _identify(integrations/viomi) by extensions ['ros']
[2.596s] [34mcolcon.colcon_core.package_identification[0m [1;30mLevel 1[0m _identify(integrations/viomi) by extension 'ros'
[2.597s] [34mcolcon.colcon_core.package_identification[0m [1;30mLevel 1[0m _identify(integrations/viomi) by extensions ['cmake', 'python']
[2.597s] [34mcolcon.colcon_core.package_identification[0m [1;30mLevel 1[0m _identify(integrations/viomi) by extension 'cmake'
[2.597s] [34mcolcon.colcon_core.package_identification[0m [1;30mLevel 1[0m _identify(integrations/viomi) by extension 'python'
[2.597s] [34mcolcon.colcon_core.package_identification[0m [1;30mLevel 1[0m _identify(integrations/viomi) by extensions ['python_setup_py']
[2.597s] [34mcolcon.colcon_core.package_identification[0m [1;30mLevel 1[0m _identify(integrations/viomi) by extension 'python_setup_py'
[2.598s] [34mcolcon.colcon_core.package_identification[0m [1;30mLevel 1[0m _identify(integrations/viomi/__pycache__) by extensions ['ignore', 'ignore_ament_install']
[2.599s] [34mcolcon.colcon_core.package_identification[0m [1;30mLevel 1[0m _identify(integrations/viomi/__pycache__) by extension 'ignore'
[2.599s] [34mcolcon.colcon_core.package_identification[0m [1;30mLevel 1[0m _identify(integrations/viomi/__pycache__) by extension 'ignore_ament_install'
[2.599s] [34mcolcon.colcon_core.package_identification[0m [1;30mLevel 1[0m _identify(integrations/viomi/__pycache__) by extensions ['colcon_pkg']
[2.599s] [34mcolcon.colcon_core.package_identification[0m [1;30mLevel 1[0m _identify(integrations/viomi/__pycache__) by extension 'colcon_pkg'
[2.599s] [34mcolcon.colcon_core.package_identification[0m [1;30mLevel 1[0m _identify(integrations/viomi/__pycache__) by extensions ['colcon_meta']
[2.599s] [34mcolcon.colcon_core.package_identification[0m [1;30mLevel 1[0m _identify(integrations/viomi/__pycache__) by extension 'colcon_meta'
[2.600s] [34mcolcon.colcon_core.package_identification[0m [1;30mLevel 1[0m _identify(integrations/viomi/__pycache__) by extensions ['ros']
[2.600s] [34mcolcon.colcon_core.package_identification[0m [1;30mLevel 1[0m _identify(integrations/viomi/__pycache__) by extension 'ros'
[2.600s] [34mcolcon.colcon_core.package_identification[0m [1;30mLevel 1[0m _identify(integrations/viomi/__pycache__) by extensions ['cmake', 'python']
[2.600s] [34mcolcon.colcon_core.package_identification[0m [1;30mLevel 1[0m _identify(integrations/viomi/__pycache__) by extension 'cmake'
[2.600s] [34mcolcon.colcon_core.package_identification[0m [1;30mLevel 1[0m _identify(integrations/viomi/__pycache__) by extension 'python'
[2.601s] [34mcolcon.colcon_core.package_identification[0m [1;30mLevel 1[0m _identify(integrations/viomi/__pycache__) by extensions ['python_setup_py']
[2.601s] [34mcolcon.colcon_core.package_identification[0m [1;30mLevel 1[0m _identify(integrations/viomi/__pycache__) by extension 'python_setup_py'
[2.602s] [34mcolcon.colcon_core.package_identification[0m [1;30mLevel 1[0m _identify(integrations/viomi/vacuum) by extensions ['ignore', 'ignore_ament_install']
[2.603s] [34mcolcon.colcon_core.package_identification[0m [1;30mLevel 1[0m _identify(integrations/viomi/vacuum) by extension 'ignore'
[2.603s] [34mcolcon.colcon_core.package_identification[0m [1;30mLevel 1[0m _identify(integrations/viomi/vacuum) by extension 'ignore_ament_install'
[2.603s] [34mcolcon.colcon_core.package_identification[0m [1;30mLevel 1[0m _identify(integrations/viomi/vacuum) by extensions ['colcon_pkg']
[2.603s] [34mcolcon.colcon_core.package_identification[0m [1;30mLevel 1[0m _identify(integrations/viomi/vacuum) by extension 'colcon_pkg'
[2.603s] [34mcolcon.colcon_core.package_identification[0m [1;30mLevel 1[0m _identify(integrations/viomi/vacuum) by extensions ['colcon_meta']
[2.603s] [34mcolcon.colcon_core.package_identification[0m [1;30mLevel 1[0m _identify(integrations/viomi/vacuum) by extension 'colcon_meta'
[2.604s] [34mcolcon.colcon_core.package_identification[0m [1;30mLevel 1[0m _identify(integrations/viomi/vacuum) by extensions ['ros']
[2.604s] [34mcolcon.colcon_core.package_identification[0m [1;30mLevel 1[0m _identify(integrations/viomi/vacuum) by extension 'ros'
[2.604s] [34mcolcon.colcon_core.package_identification[0m [1;30mLevel 1[0m _identify(integrations/viomi/vacuum) by extensions ['cmake', 'python']
[2.604s] [34mcolcon.colcon_core.package_identification[0m [1;30mLevel 1[0m _identify(integrations/viomi/vacuum) by extension 'cmake'
[2.604s] [34mcolcon.colcon_core.package_identification[0m [1;30mLevel 1[0m _identify(integrations/viomi/vacuum) by extension 'python'
[2.605s] [34mcolcon.colcon_core.package_identification[0m [1;30mLevel 1[0m _identify(integrations/viomi/vacuum) by extensions ['python_setup_py']
[2.605s] [34mcolcon.colcon_core.package_identification[0m [1;30mLevel 1[0m _identify(integrations/viomi/vacuum) by extension 'python_setup_py'
[2.606s] [34mcolcon.colcon_core.package_identification[0m [1;30mLevel 1[0m _identify(integrations/viomi/vacuum/__pycache__) by extensions ['ignore', 'ignore_ament_install']
[2.606s] [34mcolcon.colcon_core.package_identification[0m [1;30mLevel 1[0m _identify(integrations/viomi/vacuum/__pycache__) by extension 'ignore'
[2.607s] [34mcolcon.colcon_core.package_identification[0m [1;30mLevel 1[0m _identify(integrations/viomi/vacuum/__pycache__) by extension 'ignore_ament_install'
[2.607s] [34mcolcon.colcon_core.package_identification[0m [1;30mLevel 1[0m _identify(integrations/viomi/vacuum/__pycache__) by extensions ['colcon_pkg']
[2.607s] [34mcolcon.colcon_core.package_identification[0m [1;30mLevel 1[0m _identify(integrations/viomi/vacuum/__pycache__) by extension 'colcon_pkg'
[2.607s] [34mcolcon.colcon_core.package_identification[0m [1;30mLevel 1[0m _identify(integrations/viomi/vacuum/__pycache__) by extensions ['colcon_meta']
[2.607s] [34mcolcon.colcon_core.package_identification[0m [1;30mLevel 1[0m _identify(integrations/viomi/vacuum/__pycache__) by extension 'colcon_meta'
[2.608s] [34mcolcon.colcon_core.package_identification[0m [1;30mLevel 1[0m _identify(integrations/viomi/vacuum/__pycache__) by extensions ['ros']
[2.608s] [34mcolcon.colcon_core.package_identification[0m [1;30mLevel 1[0m _identify(integrations/viomi/vacuum/__pycache__) by extension 'ros'
[2.608s] [34mcolcon.colcon_core.package_identification[0m [1;30mLevel 1[0m _identify(integrations/viomi/vacuum/__pycache__) by extensions ['cmake', 'python']
[2.608s] [34mcolcon.colcon_core.package_identification[0m [1;30mLevel 1[0m _identify(integrations/viomi/vacuum/__pycache__) by extension 'cmake'
[2.608s] [34mcolcon.colcon_core.package_identification[0m [1;30mLevel 1[0m _identify(integrations/viomi/vacuum/__pycache__) by extension 'python'
[2.609s] [34mcolcon.colcon_core.package_identification[0m [1;30mLevel 1[0m _identify(integrations/viomi/vacuum/__pycache__) by extensions ['python_setup_py']
[2.609s] [34mcolcon.colcon_core.package_identification[0m [1;30mLevel 1[0m _identify(integrations/viomi/vacuum/__pycache__) by extension 'python_setup_py'
[2.610s] [34mcolcon.colcon_core.package_identification[0m [1;30mLevel 1[0m _identify(integrations/viomi/viomidishwasher) by extensions ['ignore', 'ignore_ament_install']
[2.610s] [34mcolcon.colcon_core.package_identification[0m [1;30mLevel 1[0m _identify(integrations/viomi/viomidishwasher) by extension 'ignore'
[2.611s] [34mcolcon.colcon_core.package_identification[0m [1;30mLevel 1[0m _identify(integrations/viomi/viomidishwasher) by extension 'ignore_ament_install'
[2.611s] [34mcolcon.colcon_core.package_identification[0m [1;30mLevel 1[0m _identify(integrations/viomi/viomidishwasher) by extensions ['colcon_pkg']
[2.611s] [34mcolcon.colcon_core.package_identification[0m [1;30mLevel 1[0m _identify(integrations/viomi/viomidishwasher) by extension 'colcon_pkg'
[2.611s] [34mcolcon.colcon_core.package_identification[0m [1;30mLevel 1[0m _identify(integrations/viomi/viomidishwasher) by extensions ['colcon_meta']
[2.611s] [34mcolcon.colcon_core.package_identification[0m [1;30mLevel 1[0m _identify(integrations/viomi/viomidishwasher) by extension 'colcon_meta'
[2.612s] [34mcolcon.colcon_core.package_identification[0m [1;30mLevel 1[0m _identify(integrations/viomi/viomidishwasher) by extensions ['ros']
[2.612s] [34mcolcon.colcon_core.package_identification[0m [1;30mLevel 1[0m _identify(integrations/viomi/viomidishwasher) by extension 'ros'
[2.612s] [34mcolcon.colcon_core.package_identification[0m [1;30mLevel 1[0m _identify(integrations/viomi/viomidishwasher) by extensions ['cmake', 'python']
[2.612s] [34mcolcon.colcon_core.package_identification[0m [1;30mLevel 1[0m _identify(integrations/viomi/viomidishwasher) by extension 'cmake'
[2.612s] [34mcolcon.colcon_core.package_identification[0m [1;30mLevel 1[0m _identify(integrations/viomi/viomidishwasher) by extension 'python'
[2.613s] [34mcolcon.colcon_core.package_identification[0m [1;30mLevel 1[0m _identify(integrations/viomi/viomidishwasher) by extensions ['python_setup_py']
[2.613s] [34mcolcon.colcon_core.package_identification[0m [1;30mLevel 1[0m _identify(integrations/viomi/viomidishwasher) by extension 'python_setup_py'
[2.614s] [34mcolcon.colcon_core.package_identification[0m [1;30mLevel 1[0m _identify(integrations/viomi/viomidishwasher/__pycache__) by extensions ['ignore', 'ignore_ament_install']
[2.614s] [34mcolcon.colcon_core.package_identification[0m [1;30mLevel 1[0m _identify(integrations/viomi/viomidishwasher/__pycache__) by extension 'ignore'
[2.615s] [34mcolcon.colcon_core.package_identification[0m [1;30mLevel 1[0m _identify(integrations/viomi/viomidishwasher/__pycache__) by extension 'ignore_ament_install'
[2.615s] [34mcolcon.colcon_core.package_identification[0m [1;30mLevel 1[0m _identify(integrations/viomi/viomidishwasher/__pycache__) by extensions ['colcon_pkg']
[2.615s] [34mcolcon.colcon_core.package_identification[0m [1;30mLevel 1[0m _identify(integrations/viomi/viomidishwasher/__pycache__) by extension 'colcon_pkg'
[2.615s] [34mcolcon.colcon_core.package_identification[0m [1;30mLevel 1[0m _identify(integrations/viomi/viomidishwasher/__pycache__) by extensions ['colcon_meta']
[2.615s] [34mcolcon.colcon_core.package_identification[0m [1;30mLevel 1[0m _identify(integrations/viomi/viomidishwasher/__pycache__) by extension 'colcon_meta'
[2.616s] [34mcolcon.colcon_core.package_identification[0m [1;30mLevel 1[0m _identify(integrations/viomi/viomidishwasher/__pycache__) by extensions ['ros']
[2.616s] [34mcolcon.colcon_core.package_identification[0m [1;30mLevel 1[0m _identify(integrations/viomi/viomidishwasher/__pycache__) by extension 'ros'
[2.616s] [34mcolcon.colcon_core.package_identification[0m [1;30mLevel 1[0m _identify(integrations/viomi/viomidishwasher/__pycache__) by extensions ['cmake', 'python']
[2.616s] [34mcolcon.colcon_core.package_identification[0m [1;30mLevel 1[0m _identify(integrations/viomi/viomidishwasher/__pycache__) by extension 'cmake'
[2.617s] [34mcolcon.colcon_core.package_identification[0m [1;30mLevel 1[0m _identify(integrations/viomi/viomidishwasher/__pycache__) by extension 'python'
[2.617s] [34mcolcon.colcon_core.package_identification[0m [1;30mLevel 1[0m _identify(integrations/viomi/viomidishwasher/__pycache__) by extensions ['python_setup_py']
[2.617s] [34mcolcon.colcon_core.package_identification[0m [1;30mLevel 1[0m _identify(integrations/viomi/viomidishwasher/__pycache__) by extension 'python_setup_py'
[2.618s] [34mcolcon.colcon_core.package_identification[0m [1;30mLevel 1[0m _identify(integrations/xiaomi) by extensions ['ignore', 'ignore_ament_install']
[2.618s] [34mcolcon.colcon_core.package_identification[0m [1;30mLevel 1[0m _identify(integrations/xiaomi) by extension 'ignore'
[2.619s] [34mcolcon.colcon_core.package_identification[0m [1;30mLevel 1[0m _identify(integrations/xiaomi) by extension 'ignore_ament_install'
[2.619s] [34mcolcon.colcon_core.package_identification[0m [1;30mLevel 1[0m _identify(integrations/xiaomi) by extensions ['colcon_pkg']
[2.619s] [34mcolcon.colcon_core.package_identification[0m [1;30mLevel 1[0m _identify(integrations/xiaomi) by extension 'colcon_pkg'
[2.619s] [34mcolcon.colcon_core.package_identification[0m [1;30mLevel 1[0m _identify(integrations/xiaomi) by extensions ['colcon_meta']
[2.619s] [34mcolcon.colcon_core.package_identification[0m [1;30mLevel 1[0m _identify(integrations/xiaomi) by extension 'colcon_meta'
[2.620s] [34mcolcon.colcon_core.package_identification[0m [1;30mLevel 1[0m _identify(integrations/xiaomi) by extensions ['ros']
[2.620s] [34mcolcon.colcon_core.package_identification[0m [1;30mLevel 1[0m _identify(integrations/xiaomi) by extension 'ros'
[2.620s] [34mcolcon.colcon_core.package_identification[0m [1;30mLevel 1[0m _identify(integrations/xiaomi) by extensions ['cmake', 'python']
[2.620s] [34mcolcon.colcon_core.package_identification[0m [1;30mLevel 1[0m _identify(integrations/xiaomi) by extension 'cmake'
[2.620s] [34mcolcon.colcon_core.package_identification[0m [1;30mLevel 1[0m _identify(integrations/xiaomi) by extension 'python'
[2.621s] [34mcolcon.colcon_core.package_identification[0m [1;30mLevel 1[0m _identify(integrations/xiaomi) by extensions ['python_setup_py']
[2.621s] [34mcolcon.colcon_core.package_identification[0m [1;30mLevel 1[0m _identify(integrations/xiaomi) by extension 'python_setup_py'
[2.622s] [34mcolcon.colcon_core.package_identification[0m [1;30mLevel 1[0m _identify(integrations/xiaomi/__pycache__) by extensions ['ignore', 'ignore_ament_install']
[2.622s] [34mcolcon.colcon_core.package_identification[0m [1;30mLevel 1[0m _identify(integrations/xiaomi/__pycache__) by extension 'ignore'
[2.623s] [34mcolcon.colcon_core.package_identification[0m [1;30mLevel 1[0m _identify(integrations/xiaomi/__pycache__) by extension 'ignore_ament_install'
[2.623s] [34mcolcon.colcon_core.package_identification[0m [1;30mLevel 1[0m _identify(integrations/xiaomi/__pycache__) by extensions ['colcon_pkg']
[2.623s] [34mcolcon.colcon_core.package_identification[0m [1;30mLevel 1[0m _identify(integrations/xiaomi/__pycache__) by extension 'colcon_pkg'
[2.623s] [34mcolcon.colcon_core.package_identification[0m [1;30mLevel 1[0m _identify(integrations/xiaomi/__pycache__) by extensions ['colcon_meta']
[2.623s] [34mcolcon.colcon_core.package_identification[0m [1;30mLevel 1[0m _identify(integrations/xiaomi/__pycache__) by extension 'colcon_meta'
[2.624s] [34mcolcon.colcon_core.package_identification[0m [1;30mLevel 1[0m _identify(integrations/xiaomi/__pycache__) by extensions ['ros']
[2.624s] [34mcolcon.colcon_core.package_identification[0m [1;30mLevel 1[0m _identify(integrations/xiaomi/__pycache__) by extension 'ros'
[2.624s] [34mcolcon.colcon_core.package_identification[0m [1;30mLevel 1[0m _identify(integrations/xiaomi/__pycache__) by extensions ['cmake', 'python']
[2.624s] [34mcolcon.colcon_core.package_identification[0m [1;30mLevel 1[0m _identify(integrations/xiaomi/__pycache__) by extension 'cmake'
[2.624s] [34mcolcon.colcon_core.package_identification[0m [1;30mLevel 1[0m _identify(integrations/xiaomi/__pycache__) by extension 'python'
[2.624s] [34mcolcon.colcon_core.package_identification[0m [1;30mLevel 1[0m _identify(integrations/xiaomi/__pycache__) by extensions ['python_setup_py']
[2.625s] [34mcolcon.colcon_core.package_identification[0m [1;30mLevel 1[0m _identify(integrations/xiaomi/__pycache__) by extension 'python_setup_py'
[2.626s] [34mcolcon.colcon_core.package_identification[0m [1;30mLevel 1[0m _identify(integrations/xiaomi/aircondition) by extensions ['ignore', 'ignore_ament_install']
[2.626s] [34mcolcon.colcon_core.package_identification[0m [1;30mLevel 1[0m _identify(integrations/xiaomi/aircondition) by extension 'ignore'
[2.626s] [34mcolcon.colcon_core.package_identification[0m [1;30mLevel 1[0m _identify(integrations/xiaomi/aircondition) by extension 'ignore_ament_install'
[2.627s] [34mcolcon.colcon_core.package_identification[0m [1;30mLevel 1[0m _identify(integrations/xiaomi/aircondition) by extensions ['colcon_pkg']
[2.627s] [34mcolcon.colcon_core.package_identification[0m [1;30mLevel 1[0m _identify(integrations/xiaomi/aircondition) by extension 'colcon_pkg'
[2.627s] [34mcolcon.colcon_core.package_identification[0m [1;30mLevel 1[0m _identify(integrations/xiaomi/aircondition) by extensions ['colcon_meta']
[2.627s] [34mcolcon.colcon_core.package_identification[0m [1;30mLevel 1[0m _identify(integrations/xiaomi/aircondition) by extension 'colcon_meta'
[2.627s] [34mcolcon.colcon_core.package_identification[0m [1;30mLevel 1[0m _identify(integrations/xiaomi/aircondition) by extensions ['ros']
[2.627s] [34mcolcon.colcon_core.package_identification[0m [1;30mLevel 1[0m _identify(integrations/xiaomi/aircondition) by extension 'ros'
[2.628s] [34mcolcon.colcon_core.package_identification[0m [1;30mLevel 1[0m _identify(integrations/xiaomi/aircondition) by extensions ['cmake', 'python']
[2.628s] [34mcolcon.colcon_core.package_identification[0m [1;30mLevel 1[0m _identify(integrations/xiaomi/aircondition) by extension 'cmake'
[2.628s] [34mcolcon.colcon_core.package_identification[0m [1;30mLevel 1[0m _identify(integrations/xiaomi/aircondition) by extension 'python'
[2.628s] [34mcolcon.colcon_core.package_identification[0m [1;30mLevel 1[0m _identify(integrations/xiaomi/aircondition) by extensions ['python_setup_py']
[2.628s] [34mcolcon.colcon_core.package_identification[0m [1;30mLevel 1[0m _identify(integrations/xiaomi/aircondition) by extension 'python_setup_py'
[2.630s] [34mcolcon.colcon_core.package_identification[0m [1;30mLevel 1[0m _identify(integrations/xiaomi/aircondition/__pycache__) by extensions ['ignore', 'ignore_ament_install']
[2.630s] [34mcolcon.colcon_core.package_identification[0m [1;30mLevel 1[0m _identify(integrations/xiaomi/aircondition/__pycache__) by extension 'ignore'
[2.630s] [34mcolcon.colcon_core.package_identification[0m [1;30mLevel 1[0m _identify(integrations/xiaomi/aircondition/__pycache__) by extension 'ignore_ament_install'
[2.631s] [34mcolcon.colcon_core.package_identification[0m [1;30mLevel 1[0m _identify(integrations/xiaomi/aircondition/__pycache__) by extensions ['colcon_pkg']
[2.631s] [34mcolcon.colcon_core.package_identification[0m [1;30mLevel 1[0m _identify(integrations/xiaomi/aircondition/__pycache__) by extension 'colcon_pkg'
[2.631s] [34mcolcon.colcon_core.package_identification[0m [1;30mLevel 1[0m _identify(integrations/xiaomi/aircondition/__pycache__) by extensions ['colcon_meta']
[2.631s] [34mcolcon.colcon_core.package_identification[0m [1;30mLevel 1[0m _identify(integrations/xiaomi/aircondition/__pycache__) by extension 'colcon_meta'
[2.631s] [34mcolcon.colcon_core.package_identification[0m [1;30mLevel 1[0m _identify(integrations/xiaomi/aircondition/__pycache__) by extensions ['ros']
[2.631s] [34mcolcon.colcon_core.package_identification[0m [1;30mLevel 1[0m _identify(integrations/xiaomi/aircondition/__pycache__) by extension 'ros'
[2.632s] [34mcolcon.colcon_core.package_identification[0m [1;30mLevel 1[0m _identify(integrations/xiaomi/aircondition/__pycache__) by extensions ['cmake', 'python']
[2.632s] [34mcolcon.colcon_core.package_identification[0m [1;30mLevel 1[0m _identify(integrations/xiaomi/aircondition/__pycache__) by extension 'cmake'
[2.632s] [34mcolcon.colcon_core.package_identification[0m [1;30mLevel 1[0m _identify(integrations/xiaomi/aircondition/__pycache__) by extension 'python'
[2.632s] [34mcolcon.colcon_core.package_identification[0m [1;30mLevel 1[0m _identify(integrations/xiaomi/aircondition/__pycache__) by extensions ['python_setup_py']
[2.632s] [34mcolcon.colcon_core.package_identification[0m [1;30mLevel 1[0m _identify(integrations/xiaomi/aircondition/__pycache__) by extension 'python_setup_py'
[2.633s] [34mcolcon.colcon_core.package_identification[0m [1;30mLevel 1[0m _identify(integrations/xiaomi/repeater) by extensions ['ignore', 'ignore_ament_install']
[2.634s] [34mcolcon.colcon_core.package_identification[0m [1;30mLevel 1[0m _identify(integrations/xiaomi/repeater) by extension 'ignore'
[2.634s] [34mcolcon.colcon_core.package_identification[0m [1;30mLevel 1[0m _identify(integrations/xiaomi/repeater) by extension 'ignore_ament_install'
[2.634s] [34mcolcon.colcon_core.package_identification[0m [1;30mLevel 1[0m _identify(integrations/xiaomi/repeater) by extensions ['colcon_pkg']
[2.634s] [34mcolcon.colcon_core.package_identification[0m [1;30mLevel 1[0m _identify(integrations/xiaomi/repeater) by extension 'colcon_pkg'
[2.635s] [34mcolcon.colcon_core.package_identification[0m [1;30mLevel 1[0m _identify(integrations/xiaomi/repeater) by extensions ['colcon_meta']
[2.635s] [34mcolcon.colcon_core.package_identification[0m [1;30mLevel 1[0m _identify(integrations/xiaomi/repeater) by extension 'colcon_meta'
[2.635s] [34mcolcon.colcon_core.package_identification[0m [1;30mLevel 1[0m _identify(integrations/xiaomi/repeater) by extensions ['ros']
[2.635s] [34mcolcon.colcon_core.package_identification[0m [1;30mLevel 1[0m _identify(integrations/xiaomi/repeater) by extension 'ros'
[2.636s] [34mcolcon.colcon_core.package_identification[0m [1;30mLevel 1[0m _identify(integrations/xiaomi/repeater) by extensions ['cmake', 'python']
[2.636s] [34mcolcon.colcon_core.package_identification[0m [1;30mLevel 1[0m _identify(integrations/xiaomi/repeater) by extension 'cmake'
[2.636s] [34mcolcon.colcon_core.package_identification[0m [1;30mLevel 1[0m _identify(integrations/xiaomi/repeater) by extension 'python'
[2.636s] [34mcolcon.colcon_core.package_identification[0m [1;30mLevel 1[0m _identify(integrations/xiaomi/repeater) by extensions ['python_setup_py']
[2.636s] [34mcolcon.colcon_core.package_identification[0m [1;30mLevel 1[0m _identify(integrations/xiaomi/repeater) by extension 'python_setup_py'
[2.637s] [34mcolcon.colcon_core.package_identification[0m [1;30mLevel 1[0m _identify(integrations/xiaomi/repeater/__pycache__) by extensions ['ignore', 'ignore_ament_install']
[2.637s] [34mcolcon.colcon_core.package_identification[0m [1;30mLevel 1[0m _identify(integrations/xiaomi/repeater/__pycache__) by extension 'ignore'
[2.638s] [34mcolcon.colcon_core.package_identification[0m [1;30mLevel 1[0m _identify(integrations/xiaomi/repeater/__pycache__) by extension 'ignore_ament_install'
[2.638s] [34mcolcon.colcon_core.package_identification[0m [1;30mLevel 1[0m _identify(integrations/xiaomi/repeater/__pycache__) by extensions ['colcon_pkg']
[2.638s] [34mcolcon.colcon_core.package_identification[0m [1;30mLevel 1[0m _identify(integrations/xiaomi/repeater/__pycache__) by extension 'colcon_pkg'
[2.638s] [34mcolcon.colcon_core.package_identification[0m [1;30mLevel 1[0m _identify(integrations/xiaomi/repeater/__pycache__) by extensions ['colcon_meta']
[2.638s] [34mcolcon.colcon_core.package_identification[0m [1;30mLevel 1[0m _identify(integrations/xiaomi/repeater/__pycache__) by extension 'colcon_meta'
[2.639s] [34mcolcon.colcon_core.package_identification[0m [1;30mLevel 1[0m _identify(integrations/xiaomi/repeater/__pycache__) by extensions ['ros']
[2.639s] [34mcolcon.colcon_core.package_identification[0m [1;30mLevel 1[0m _identify(integrations/xiaomi/repeater/__pycache__) by extension 'ros'
[2.639s] [34mcolcon.colcon_core.package_identification[0m [1;30mLevel 1[0m _identify(integrations/xiaomi/repeater/__pycache__) by extensions ['cmake', 'python']
[2.639s] [34mcolcon.colcon_core.package_identification[0m [1;30mLevel 1[0m _identify(integrations/xiaomi/repeater/__pycache__) by extension 'cmake'
[2.640s] [34mcolcon.colcon_core.package_identification[0m [1;30mLevel 1[0m _identify(integrations/xiaomi/repeater/__pycache__) by extension 'python'
[2.640s] [34mcolcon.colcon_core.package_identification[0m [1;30mLevel 1[0m _identify(integrations/xiaomi/repeater/__pycache__) by extensions ['python_setup_py']
[2.640s] [34mcolcon.colcon_core.package_identification[0m [1;30mLevel 1[0m _identify(integrations/xiaomi/repeater/__pycache__) by extension 'python_setup_py'
[2.641s] [34mcolcon.colcon_core.package_identification[0m [1;30mLevel 1[0m _identify(integrations/xiaomi/wifispeaker) by extensions ['ignore', 'ignore_ament_install']
[2.641s] [34mcolcon.colcon_core.package_identification[0m [1;30mLevel 1[0m _identify(integrations/xiaomi/wifispeaker) by extension 'ignore'
[2.642s] [34mcolcon.colcon_core.package_identification[0m [1;30mLevel 1[0m _identify(integrations/xiaomi/wifispeaker) by extension 'ignore_ament_install'
[2.642s] [34mcolcon.colcon_core.package_identification[0m [1;30mLevel 1[0m _identify(integrations/xiaomi/wifispeaker) by extensions ['colcon_pkg']
[2.642s] [34mcolcon.colcon_core.package_identification[0m [1;30mLevel 1[0m _identify(integrations/xiaomi/wifispeaker) by extension 'colcon_pkg'
[2.642s] [34mcolcon.colcon_core.package_identification[0m [1;30mLevel 1[0m _identify(integrations/xiaomi/wifispeaker) by extensions ['colcon_meta']
[2.642s] [34mcolcon.colcon_core.package_identification[0m [1;30mLevel 1[0m _identify(integrations/xiaomi/wifispeaker) by extension 'colcon_meta'
[2.643s] [34mcolcon.colcon_core.package_identification[0m [1;30mLevel 1[0m _identify(integrations/xiaomi/wifispeaker) by extensions ['ros']
[2.643s] [34mcolcon.colcon_core.package_identification[0m [1;30mLevel 1[0m _identify(integrations/xiaomi/wifispeaker) by extension 'ros'
[2.643s] [34mcolcon.colcon_core.package_identification[0m [1;30mLevel 1[0m _identify(integrations/xiaomi/wifispeaker) by extensions ['cmake', 'python']
[2.643s] [34mcolcon.colcon_core.package_identification[0m [1;30mLevel 1[0m _identify(integrations/xiaomi/wifispeaker) by extension 'cmake'
[2.643s] [34mcolcon.colcon_core.package_identification[0m [1;30mLevel 1[0m _identify(integrations/xiaomi/wifispeaker) by extension 'python'
[2.644s] [34mcolcon.colcon_core.package_identification[0m [1;30mLevel 1[0m _identify(integrations/xiaomi/wifispeaker) by extensions ['python_setup_py']
[2.644s] [34mcolcon.colcon_core.package_identification[0m [1;30mLevel 1[0m _identify(integrations/xiaomi/wifispeaker) by extension 'python_setup_py'
[2.645s] [34mcolcon.colcon_core.package_identification[0m [1;30mLevel 1[0m _identify(integrations/xiaomi/wifispeaker/__pycache__) by extensions ['ignore', 'ignore_ament_install']
[2.645s] [34mcolcon.colcon_core.package_identification[0m [1;30mLevel 1[0m _identify(integrations/xiaomi/wifispeaker/__pycache__) by extension 'ignore'
[2.646s] [34mcolcon.colcon_core.package_identification[0m [1;30mLevel 1[0m _identify(integrations/xiaomi/wifispeaker/__pycache__) by extension 'ignore_ament_install'
[2.646s] [34mcolcon.colcon_core.package_identification[0m [1;30mLevel 1[0m _identify(integrations/xiaomi/wifispeaker/__pycache__) by extensions ['colcon_pkg']
[2.646s] [34mcolcon.colcon_core.package_identification[0m [1;30mLevel 1[0m _identify(integrations/xiaomi/wifispeaker/__pycache__) by extension 'colcon_pkg'
[2.646s] [34mcolcon.colcon_core.package_identification[0m [1;30mLevel 1[0m _identify(integrations/xiaomi/wifispeaker/__pycache__) by extensions ['colcon_meta']
[2.646s] [34mcolcon.colcon_core.package_identification[0m [1;30mLevel 1[0m _identify(integrations/xiaomi/wifispeaker/__pycache__) by extension 'colcon_meta'
[2.647s] [34mcolcon.colcon_core.package_identification[0m [1;30mLevel 1[0m _identify(integrations/xiaomi/wifispeaker/__pycache__) by extensions ['ros']
[2.647s] [34mcolcon.colcon_core.package_identification[0m [1;30mLevel 1[0m _identify(integrations/xiaomi/wifispeaker/__pycache__) by extension 'ros'
[2.647s] [34mcolcon.colcon_core.package_identification[0m [1;30mLevel 1[0m _identify(integrations/xiaomi/wifispeaker/__pycache__) by extensions ['cmake', 'python']
[2.647s] [34mcolcon.colcon_core.package_identification[0m [1;30mLevel 1[0m _identify(integrations/xiaomi/wifispeaker/__pycache__) by extension 'cmake'
[2.647s] [34mcolcon.colcon_core.package_identification[0m [1;30mLevel 1[0m _identify(integrations/xiaomi/wifispeaker/__pycache__) by extension 'python'
[2.647s] [34mcolcon.colcon_core.package_identification[0m [1;30mLevel 1[0m _identify(integrations/xiaomi/wifispeaker/__pycache__) by extensions ['python_setup_py']
[2.648s] [34mcolcon.colcon_core.package_identification[0m [1;30mLevel 1[0m _identify(integrations/xiaomi/wifispeaker/__pycache__) by extension 'python_setup_py'
[2.649s] [34mcolcon.colcon_core.package_identification[0m [1;30mLevel 1[0m _identify(integrations/yeelight) by extensions ['ignore', 'ignore_ament_install']
[2.649s] [34mcolcon.colcon_core.package_identification[0m [1;30mLevel 1[0m _identify(integrations/yeelight) by extension 'ignore'
[2.649s] [34mcolcon.colcon_core.package_identification[0m [1;30mLevel 1[0m _identify(integrations/yeelight) by extension 'ignore_ament_install'
[2.650s] [34mcolcon.colcon_core.package_identification[0m [1;30mLevel 1[0m _identify(integrations/yeelight) by extensions ['colcon_pkg']
[2.650s] [34mcolcon.colcon_core.package_identification[0m [1;30mLevel 1[0m _identify(integrations/yeelight) by extension 'colcon_pkg'
[2.650s] [34mcolcon.colcon_core.package_identification[0m [1;30mLevel 1[0m _identify(integrations/yeelight) by extensions ['colcon_meta']
[2.650s] [34mcolcon.colcon_core.package_identification[0m [1;30mLevel 1[0m _identify(integrations/yeelight) by extension 'colcon_meta'
[2.650s] [34mcolcon.colcon_core.package_identification[0m [1;30mLevel 1[0m _identify(integrations/yeelight) by extensions ['ros']
[2.650s] [34mcolcon.colcon_core.package_identification[0m [1;30mLevel 1[0m _identify(integrations/yeelight) by extension 'ros'
[2.651s] [34mcolcon.colcon_core.package_identification[0m [1;30mLevel 1[0m _identify(integrations/yeelight) by extensions ['cmake', 'python']
[2.651s] [34mcolcon.colcon_core.package_identification[0m [1;30mLevel 1[0m _identify(integrations/yeelight) by extension 'cmake'
[2.652s] [34mcolcon.colcon_core.package_identification[0m [1;30mLevel 1[0m _identify(integrations/yeelight) by extension 'python'
[2.652s] [34mcolcon.colcon_core.package_identification[0m [1;30mLevel 1[0m _identify(integrations/yeelight) by extensions ['python_setup_py']
[2.653s] [34mcolcon.colcon_core.package_identification[0m [1;30mLevel 1[0m _identify(integrations/yeelight) by extension 'python_setup_py'
[2.655s] [34mcolcon.colcon_core.package_identification[0m [1;30mLevel 1[0m _identify(integrations/yeelight/__pycache__) by extensions ['ignore', 'ignore_ament_install']
[2.656s] [34mcolcon.colcon_core.package_identification[0m [1;30mLevel 1[0m _identify(integrations/yeelight/__pycache__) by extension 'ignore'
[2.657s] [34mcolcon.colcon_core.package_identification[0m [1;30mLevel 1[0m _identify(integrations/yeelight/__pycache__) by extension 'ignore_ament_install'
[2.657s] [34mcolcon.colcon_core.package_identification[0m [1;30mLevel 1[0m _identify(integrations/yeelight/__pycache__) by extensions ['colcon_pkg']
[2.658s] [34mcolcon.colcon_core.package_identification[0m [1;30mLevel 1[0m _identify(integrations/yeelight/__pycache__) by extension 'colcon_pkg'
[2.658s] [34mcolcon.colcon_core.package_identification[0m [1;30mLevel 1[0m _identify(integrations/yeelight/__pycache__) by extensions ['colcon_meta']
[2.660s] [34mcolcon.colcon_core.package_identification[0m [1;30mLevel 1[0m _identify(integrations/yeelight/__pycache__) by extension 'colcon_meta'
[2.661s] [34mcolcon.colcon_core.package_identification[0m [1;30mLevel 1[0m _identify(integrations/yeelight/__pycache__) by extensions ['ros']
[2.662s] [34mcolcon.colcon_core.package_identification[0m [1;30mLevel 1[0m _identify(integrations/yeelight/__pycache__) by extension 'ros'
[2.663s] [34mcolcon.colcon_core.package_identification[0m [1;30mLevel 1[0m _identify(integrations/yeelight/__pycache__) by extensions ['cmake', 'python']
[2.663s] [34mcolcon.colcon_core.package_identification[0m [1;30mLevel 1[0m _identify(integrations/yeelight/__pycache__) by extension 'cmake'
[2.664s] [34mcolcon.colcon_core.package_identification[0m [1;30mLevel 1[0m _identify(integrations/yeelight/__pycache__) by extension 'python'
[2.665s] [34mcolcon.colcon_core.package_identification[0m [1;30mLevel 1[0m _identify(integrations/yeelight/__pycache__) by extensions ['python_setup_py']
[2.665s] [34mcolcon.colcon_core.package_identification[0m [1;30mLevel 1[0m _identify(integrations/yeelight/__pycache__) by extension 'python_setup_py'
[2.667s] [34mcolcon.colcon_core.package_identification[0m [1;30mLevel 1[0m _identify(integrations/yeelight/dual_switch) by extensions ['ignore', 'ignore_ament_install']
[2.668s] [34mcolcon.colcon_core.package_identification[0m [1;30mLevel 1[0m _identify(integrations/yeelight/dual_switch) by extension 'ignore'
[2.668s] [34mcolcon.colcon_core.package_identification[0m [1;30mLevel 1[0m _identify(integrations/yeelight/dual_switch) by extension 'ignore_ament_install'
[2.668s] [34mcolcon.colcon_core.package_identification[0m [1;30mLevel 1[0m _identify(integrations/yeelight/dual_switch) by extensions ['colcon_pkg']
[2.669s] [34mcolcon.colcon_core.package_identification[0m [1;30mLevel 1[0m _identify(integrations/yeelight/dual_switch) by extension 'colcon_pkg'
[2.669s] [34mcolcon.colcon_core.package_identification[0m [1;30mLevel 1[0m _identify(integrations/yeelight/dual_switch) by extensions ['colcon_meta']
[2.669s] [34mcolcon.colcon_core.package_identification[0m [1;30mLevel 1[0m _identify(integrations/yeelight/dual_switch) by extension 'colcon_meta'
[2.669s] [34mcolcon.colcon_core.package_identification[0m [1;30mLevel 1[0m _identify(integrations/yeelight/dual_switch) by extensions ['ros']
[2.669s] [34mcolcon.colcon_core.package_identification[0m [1;30mLevel 1[0m _identify(integrations/yeelight/dual_switch) by extension 'ros'
[2.670s] [34mcolcon.colcon_core.package_identification[0m [1;30mLevel 1[0m _identify(integrations/yeelight/dual_switch) by extensions ['cmake', 'python']
[2.670s] [34mcolcon.colcon_core.package_identification[0m [1;30mLevel 1[0m _identify(integrations/yeelight/dual_switch) by extension 'cmake'
[2.670s] [34mcolcon.colcon_core.package_identification[0m [1;30mLevel 1[0m _identify(integrations/yeelight/dual_switch) by extension 'python'
[2.670s] [34mcolcon.colcon_core.package_identification[0m [1;30mLevel 1[0m _identify(integrations/yeelight/dual_switch) by extensions ['python_setup_py']
[2.670s] [34mcolcon.colcon_core.package_identification[0m [1;30mLevel 1[0m _identify(integrations/yeelight/dual_switch) by extension 'python_setup_py'
[2.672s] [34mcolcon.colcon_core.package_identification[0m [1;30mLevel 1[0m _identify(integrations/yeelight/dual_switch/__pycache__) by extensions ['ignore', 'ignore_ament_install']
[2.673s] [34mcolcon.colcon_core.package_identification[0m [1;30mLevel 1[0m _identify(integrations/yeelight/dual_switch/__pycache__) by extension 'ignore'
[2.673s] [34mcolcon.colcon_core.package_identification[0m [1;30mLevel 1[0m _identify(integrations/yeelight/dual_switch/__pycache__) by extension 'ignore_ament_install'
[2.673s] [34mcolcon.colcon_core.package_identification[0m [1;30mLevel 1[0m _identify(integrations/yeelight/dual_switch/__pycache__) by extensions ['colcon_pkg']
[2.673s] [34mcolcon.colcon_core.package_identification[0m [1;30mLevel 1[0m _identify(integrations/yeelight/dual_switch/__pycache__) by extension 'colcon_pkg'
[2.673s] [34mcolcon.colcon_core.package_identification[0m [1;30mLevel 1[0m _identify(integrations/yeelight/dual_switch/__pycache__) by extensions ['colcon_meta']
[2.674s] [34mcolcon.colcon_core.package_identification[0m [1;30mLevel 1[0m _identify(integrations/yeelight/dual_switch/__pycache__) by extension 'colcon_meta'
[2.674s] [34mcolcon.colcon_core.package_identification[0m [1;30mLevel 1[0m _identify(integrations/yeelight/dual_switch/__pycache__) by extensions ['ros']
[2.674s] [34mcolcon.colcon_core.package_identification[0m [1;30mLevel 1[0m _identify(integrations/yeelight/dual_switch/__pycache__) by extension 'ros'
[2.675s] [34mcolcon.colcon_core.package_identification[0m [1;30mLevel 1[0m _identify(integrations/yeelight/dual_switch/__pycache__) by extensions ['cmake', 'python']
[2.675s] [34mcolcon.colcon_core.package_identification[0m [1;30mLevel 1[0m _identify(integrations/yeelight/dual_switch/__pycache__) by extension 'cmake'
[2.675s] [34mcolcon.colcon_core.package_identification[0m [1;30mLevel 1[0m _identify(integrations/yeelight/dual_switch/__pycache__) by extension 'python'
[2.675s] [34mcolcon.colcon_core.package_identification[0m [1;30mLevel 1[0m _identify(integrations/yeelight/dual_switch/__pycache__) by extensions ['python_setup_py']
[2.676s] [34mcolcon.colcon_core.package_identification[0m [1;30mLevel 1[0m _identify(integrations/yeelight/dual_switch/__pycache__) by extension 'python_setup_py'
[2.677s] [34mcolcon.colcon_core.package_identification[0m [1;30mLevel 1[0m _identify(integrations/yeelight/light) by extensions ['ignore', 'ignore_ament_install']
[2.677s] [34mcolcon.colcon_core.package_identification[0m [1;30mLevel 1[0m _identify(integrations/yeelight/light) by extension 'ignore'
[2.677s] [34mcolcon.colcon_core.package_identification[0m [1;30mLevel 1[0m _identify(integrations/yeelight/light) by extension 'ignore_ament_install'
[2.678s] [34mcolcon.colcon_core.package_identification[0m [1;30mLevel 1[0m _identify(integrations/yeelight/light) by extensions ['colcon_pkg']
[2.678s] [34mcolcon.colcon_core.package_identification[0m [1;30mLevel 1[0m _identify(integrations/yeelight/light) by extension 'colcon_pkg'
[2.678s] [34mcolcon.colcon_core.package_identification[0m [1;30mLevel 1[0m _identify(integrations/yeelight/light) by extensions ['colcon_meta']
[2.678s] [34mcolcon.colcon_core.package_identification[0m [1;30mLevel 1[0m _identify(integrations/yeelight/light) by extension 'colcon_meta'
[2.678s] [34mcolcon.colcon_core.package_identification[0m [1;30mLevel 1[0m _identify(integrations/yeelight/light) by extensions ['ros']
[2.678s] [34mcolcon.colcon_core.package_identification[0m [1;30mLevel 1[0m _identify(integrations/yeelight/light) by extension 'ros'
[2.679s] [34mcolcon.colcon_core.package_identification[0m [1;30mLevel 1[0m _identify(integrations/yeelight/light) by extensions ['cmake', 'python']
[2.679s] [34mcolcon.colcon_core.package_identification[0m [1;30mLevel 1[0m _identify(integrations/yeelight/light) by extension 'cmake'
[2.680s] [34mcolcon.colcon_core.package_identification[0m [1;30mLevel 1[0m _identify(integrations/yeelight/light) by extension 'python'
[2.680s] [34mcolcon.colcon_core.package_identification[0m [1;30mLevel 1[0m _identify(integrations/yeelight/light) by extensions ['python_setup_py']
[2.680s] [34mcolcon.colcon_core.package_identification[0m [1;30mLevel 1[0m _identify(integrations/yeelight/light) by extension 'python_setup_py'
[2.681s] [34mcolcon.colcon_core.package_identification[0m [1;30mLevel 1[0m _identify(integrations/yeelight/light/__pycache__) by extensions ['ignore', 'ignore_ament_install']
[2.681s] [34mcolcon.colcon_core.package_identification[0m [1;30mLevel 1[0m _identify(integrations/yeelight/light/__pycache__) by extension 'ignore'
[2.681s] [34mcolcon.colcon_core.package_identification[0m [1;30mLevel 1[0m _identify(integrations/yeelight/light/__pycache__) by extension 'ignore_ament_install'
[2.682s] [34mcolcon.colcon_core.package_identification[0m [1;30mLevel 1[0m _identify(integrations/yeelight/light/__pycache__) by extensions ['colcon_pkg']
[2.682s] [34mcolcon.colcon_core.package_identification[0m [1;30mLevel 1[0m _identify(integrations/yeelight/light/__pycache__) by extension 'colcon_pkg'
[2.682s] [34mcolcon.colcon_core.package_identification[0m [1;30mLevel 1[0m _identify(integrations/yeelight/light/__pycache__) by extensions ['colcon_meta']
[2.682s] [34mcolcon.colcon_core.package_identification[0m [1;30mLevel 1[0m _identify(integrations/yeelight/light/__pycache__) by extension 'colcon_meta'
[2.682s] [34mcolcon.colcon_core.package_identification[0m [1;30mLevel 1[0m _identify(integrations/yeelight/light/__pycache__) by extensions ['ros']
[2.683s] [34mcolcon.colcon_core.package_identification[0m [1;30mLevel 1[0m _identify(integrations/yeelight/light/__pycache__) by extension 'ros'
[2.683s] [34mcolcon.colcon_core.package_identification[0m [1;30mLevel 1[0m _identify(integrations/yeelight/light/__pycache__) by extensions ['cmake', 'python']
[2.683s] [34mcolcon.colcon_core.package_identification[0m [1;30mLevel 1[0m _identify(integrations/yeelight/light/__pycache__) by extension 'cmake'
[2.684s] [34mcolcon.colcon_core.package_identification[0m [1;30mLevel 1[0m _identify(integrations/yeelight/light/__pycache__) by extension 'python'
[2.684s] [34mcolcon.colcon_core.package_identification[0m [1;30mLevel 1[0m _identify(integrations/yeelight/light/__pycache__) by extensions ['python_setup_py']
[2.684s] [34mcolcon.colcon_core.package_identification[0m [1;30mLevel 1[0m _identify(integrations/yeelight/light/__pycache__) by extension 'python_setup_py'
[2.685s] [34mcolcon.colcon_core.package_identification[0m [1;30mLevel 1[0m _identify(integrations/yeelight/light/tests) by extensions ['ignore', 'ignore_ament_install']
[2.686s] [34mcolcon.colcon_core.package_identification[0m [1;30mLevel 1[0m _identify(integrations/yeelight/light/tests) by extension 'ignore'
[2.686s] [34mcolcon.colcon_core.package_identification[0m [1;30mLevel 1[0m _identify(integrations/yeelight/light/tests) by extension 'ignore_ament_install'
[2.686s] [34mcolcon.colcon_core.package_identification[0m [1;30mLevel 1[0m _identify(integrations/yeelight/light/tests) by extensions ['colcon_pkg']
[2.686s] [34mcolcon.colcon_core.package_identification[0m [1;30mLevel 1[0m _identify(integrations/yeelight/light/tests) by extension 'colcon_pkg'
[2.686s] [34mcolcon.colcon_core.package_identification[0m [1;30mLevel 1[0m _identify(integrations/yeelight/light/tests) by extensions ['colcon_meta']
[2.687s] [34mcolcon.colcon_core.package_identification[0m [1;30mLevel 1[0m _identify(integrations/yeelight/light/tests) by extension 'colcon_meta'
[2.687s] [34mcolcon.colcon_core.package_identification[0m [1;30mLevel 1[0m _identify(integrations/yeelight/light/tests) by extensions ['ros']
[2.687s] [34mcolcon.colcon_core.package_identification[0m [1;30mLevel 1[0m _identify(integrations/yeelight/light/tests) by extension 'ros'
[2.688s] [34mcolcon.colcon_core.package_identification[0m [1;30mLevel 1[0m _identify(integrations/yeelight/light/tests) by extensions ['cmake', 'python']
[2.688s] [34mcolcon.colcon_core.package_identification[0m [1;30mLevel 1[0m _identify(integrations/yeelight/light/tests) by extension 'cmake'
[2.688s] [34mcolcon.colcon_core.package_identification[0m [1;30mLevel 1[0m _identify(integrations/yeelight/light/tests) by extension 'python'
[2.688s] [34mcolcon.colcon_core.package_identification[0m [1;30mLevel 1[0m _identify(integrations/yeelight/light/tests) by extensions ['python_setup_py']
[2.688s] [34mcolcon.colcon_core.package_identification[0m [1;30mLevel 1[0m _identify(integrations/yeelight/light/tests) by extension 'python_setup_py'
[2.689s] [34mcolcon.colcon_core.package_identification[0m [1;30mLevel 1[0m _identify(integrations/yunmi) by extensions ['ignore', 'ignore_ament_install']
[2.690s] [34mcolcon.colcon_core.package_identification[0m [1;30mLevel 1[0m _identify(integrations/yunmi) by extension 'ignore'
[2.690s] [34mcolcon.colcon_core.package_identification[0m [1;30mLevel 1[0m _identify(integrations/yunmi) by extension 'ignore_ament_install'
[2.690s] [34mcolcon.colcon_core.package_identification[0m [1;30mLevel 1[0m _identify(integrations/yunmi) by extensions ['colcon_pkg']
[2.691s] [34mcolcon.colcon_core.package_identification[0m [1;30mLevel 1[0m _identify(integrations/yunmi) by extension 'colcon_pkg'
[2.691s] [34mcolcon.colcon_core.package_identification[0m [1;30mLevel 1[0m _identify(integrations/yunmi) by extensions ['colcon_meta']
[2.691s] [34mcolcon.colcon_core.package_identification[0m [1;30mLevel 1[0m _identify(integrations/yunmi) by extension 'colcon_meta'
[2.691s] [34mcolcon.colcon_core.package_identification[0m [1;30mLevel 1[0m _identify(integrations/yunmi) by extensions ['ros']
[2.691s] [34mcolcon.colcon_core.package_identification[0m [1;30mLevel 1[0m _identify(integrations/yunmi) by extension 'ros'
[2.692s] [34mcolcon.colcon_core.package_identification[0m [1;30mLevel 1[0m _identify(integrations/yunmi) by extensions ['cmake', 'python']
[2.692s] [34mcolcon.colcon_core.package_identification[0m [1;30mLevel 1[0m _identify(integrations/yunmi) by extension 'cmake'
[2.692s] [34mcolcon.colcon_core.package_identification[0m [1;30mLevel 1[0m _identify(integrations/yunmi) by extension 'python'
[2.692s] [34mcolcon.colcon_core.package_identification[0m [1;30mLevel 1[0m _identify(integrations/yunmi) by extensions ['python_setup_py']
[2.692s] [34mcolcon.colcon_core.package_identification[0m [1;30mLevel 1[0m _identify(integrations/yunmi) by extension 'python_setup_py'
[2.693s] [34mcolcon.colcon_core.package_identification[0m [1;30mLevel 1[0m _identify(integrations/yunmi/__pycache__) by extensions ['ignore', 'ignore_ament_install']
[2.694s] [34mcolcon.colcon_core.package_identification[0m [1;30mLevel 1[0m _identify(integrations/yunmi/__pycache__) by extension 'ignore'
[2.694s] [34mcolcon.colcon_core.package_identification[0m [1;30mLevel 1[0m _identify(integrations/yunmi/__pycache__) by extension 'ignore_ament_install'
[2.694s] [34mcolcon.colcon_core.package_identification[0m [1;30mLevel 1[0m _identify(integrations/yunmi/__pycache__) by extensions ['colcon_pkg']
[2.695s] [34mcolcon.colcon_core.package_identification[0m [1;30mLevel 1[0m _identify(integrations/yunmi/__pycache__) by extension 'colcon_pkg'
[2.695s] [34mcolcon.colcon_core.package_identification[0m [1;30mLevel 1[0m _identify(integrations/yunmi/__pycache__) by extensions ['colcon_meta']
[2.695s] [34mcolcon.colcon_core.package_identification[0m [1;30mLevel 1[0m _identify(integrations/yunmi/__pycache__) by extension 'colcon_meta'
[2.695s] [34mcolcon.colcon_core.package_identification[0m [1;30mLevel 1[0m _identify(integrations/yunmi/__pycache__) by extensions ['ros']
[2.696s] [34mcolcon.colcon_core.package_identification[0m [1;30mLevel 1[0m _identify(integrations/yunmi/__pycache__) by extension 'ros'
[2.696s] [34mcolcon.colcon_core.package_identification[0m [1;30mLevel 1[0m _identify(integrations/yunmi/__pycache__) by extensions ['cmake', 'python']
[2.696s] [34mcolcon.colcon_core.package_identification[0m [1;30mLevel 1[0m _identify(integrations/yunmi/__pycache__) by extension 'cmake'
[2.696s] [34mcolcon.colcon_core.package_identification[0m [1;30mLevel 1[0m _identify(integrations/yunmi/__pycache__) by extension 'python'
[2.696s] [34mcolcon.colcon_core.package_identification[0m [1;30mLevel 1[0m _identify(integrations/yunmi/__pycache__) by extensions ['python_setup_py']
[2.697s] [34mcolcon.colcon_core.package_identification[0m [1;30mLevel 1[0m _identify(integrations/yunmi/__pycache__) by extension 'python_setup_py'
[2.698s] [34mcolcon.colcon_core.package_identification[0m [1;30mLevel 1[0m _identify(integrations/yunmi/waterpurifier) by extensions ['ignore', 'ignore_ament_install']
[2.698s] [34mcolcon.colcon_core.package_identification[0m [1;30mLevel 1[0m _identify(integrations/yunmi/waterpurifier) by extension 'ignore'
[2.699s] [34mcolcon.colcon_core.package_identification[0m [1;30mLevel 1[0m _identify(integrations/yunmi/waterpurifier) by extension 'ignore_ament_install'
[2.699s] [34mcolcon.colcon_core.package_identification[0m [1;30mLevel 1[0m _identify(integrations/yunmi/waterpurifier) by extensions ['colcon_pkg']
[2.699s] [34mcolcon.colcon_core.package_identification[0m [1;30mLevel 1[0m _identify(integrations/yunmi/waterpurifier) by extension 'colcon_pkg'
[2.699s] [34mcolcon.colcon_core.package_identification[0m [1;30mLevel 1[0m _identify(integrations/yunmi/waterpurifier) by extensions ['colcon_meta']
[2.699s] [34mcolcon.colcon_core.package_identification[0m [1;30mLevel 1[0m _identify(integrations/yunmi/waterpurifier) by extension 'colcon_meta'
[2.700s] [34mcolcon.colcon_core.package_identification[0m [1;30mLevel 1[0m _identify(integrations/yunmi/waterpurifier) by extensions ['ros']
[2.700s] [34mcolcon.colcon_core.package_identification[0m [1;30mLevel 1[0m _identify(integrations/yunmi/waterpurifier) by extension 'ros'
[2.700s] [34mcolcon.colcon_core.package_identification[0m [1;30mLevel 1[0m _identify(integrations/yunmi/waterpurifier) by extensions ['cmake', 'python']
[2.700s] [34mcolcon.colcon_core.package_identification[0m [1;30mLevel 1[0m _identify(integrations/yunmi/waterpurifier) by extension 'cmake'
[2.700s] [34mcolcon.colcon_core.package_identification[0m [1;30mLevel 1[0m _identify(integrations/yunmi/waterpurifier) by extension 'python'
[2.701s] [34mcolcon.colcon_core.package_identification[0m [1;30mLevel 1[0m _identify(integrations/yunmi/waterpurifier) by extensions ['python_setup_py']
[2.701s] [34mcolcon.colcon_core.package_identification[0m [1;30mLevel 1[0m _identify(integrations/yunmi/waterpurifier) by extension 'python_setup_py'
[2.702s] [34mcolcon.colcon_core.package_identification[0m [1;30mLevel 1[0m _identify(integrations/yunmi/waterpurifier/__pycache__) by extensions ['ignore', 'ignore_ament_install']
[2.703s] [34mcolcon.colcon_core.package_identification[0m [1;30mLevel 1[0m _identify(integrations/yunmi/waterpurifier/__pycache__) by extension 'ignore'
[2.703s] [34mcolcon.colcon_core.package_identification[0m [1;30mLevel 1[0m _identify(integrations/yunmi/waterpurifier/__pycache__) by extension 'ignore_ament_install'
[2.703s] [34mcolcon.colcon_core.package_identification[0m [1;30mLevel 1[0m _identify(integrations/yunmi/waterpurifier/__pycache__) by extensions ['colcon_pkg']
[2.703s] [34mcolcon.colcon_core.package_identification[0m [1;30mLevel 1[0m _identify(integrations/yunmi/waterpurifier/__pycache__) by extension 'colcon_pkg'
[2.704s] [34mcolcon.colcon_core.package_identification[0m [1;30mLevel 1[0m _identify(integrations/yunmi/waterpurifier/__pycache__) by extensions ['colcon_meta']
[2.704s] [34mcolcon.colcon_core.package_identification[0m [1;30mLevel 1[0m _identify(integrations/yunmi/waterpurifier/__pycache__) by extension 'colcon_meta'
[2.704s] [34mcolcon.colcon_core.package_identification[0m [1;30mLevel 1[0m _identify(integrations/yunmi/waterpurifier/__pycache__) by extensions ['ros']
[2.704s] [34mcolcon.colcon_core.package_identification[0m [1;30mLevel 1[0m _identify(integrations/yunmi/waterpurifier/__pycache__) by extension 'ros'
[2.705s] [34mcolcon.colcon_core.package_identification[0m [1;30mLevel 1[0m _identify(integrations/yunmi/waterpurifier/__pycache__) by extensions ['cmake', 'python']
[2.705s] [34mcolcon.colcon_core.package_identification[0m [1;30mLevel 1[0m _identify(integrations/yunmi/waterpurifier/__pycache__) by extension 'cmake'
[2.705s] [34mcolcon.colcon_core.package_identification[0m [1;30mLevel 1[0m _identify(integrations/yunmi/waterpurifier/__pycache__) by extension 'python'
[2.705s] [34mcolcon.colcon_core.package_identification[0m [1;30mLevel 1[0m _identify(integrations/yunmi/waterpurifier/__pycache__) by extensions ['python_setup_py']
[2.705s] [34mcolcon.colcon_core.package_identification[0m [1;30mLevel 1[0m _identify(integrations/yunmi/waterpurifier/__pycache__) by extension 'python_setup_py'
[2.706s] [34mcolcon.colcon_core.package_identification[0m [1;30mLevel 1[0m _identify(integrations/zhimi) by extensions ['ignore', 'ignore_ament_install']
[2.707s] [34mcolcon.colcon_core.package_identification[0m [1;30mLevel 1[0m _identify(integrations/zhimi) by extension 'ignore'
[2.707s] [34mcolcon.colcon_core.package_identification[0m [1;30mLevel 1[0m _identify(integrations/zhimi) by extension 'ignore_ament_install'
[2.707s] [34mcolcon.colcon_core.package_identification[0m [1;30mLevel 1[0m _identify(integrations/zhimi) by extensions ['colcon_pkg']
[2.707s] [34mcolcon.colcon_core.package_identification[0m [1;30mLevel 1[0m _identify(integrations/zhimi) by extension 'colcon_pkg'
[2.707s] [34mcolcon.colcon_core.package_identification[0m [1;30mLevel 1[0m _identify(integrations/zhimi) by extensions ['colcon_meta']
[2.708s] [34mcolcon.colcon_core.package_identification[0m [1;30mLevel 1[0m _identify(integrations/zhimi) by extension 'colcon_meta'
[2.708s] [34mcolcon.colcon_core.package_identification[0m [1;30mLevel 1[0m _identify(integrations/zhimi) by extensions ['ros']
[2.708s] [34mcolcon.colcon_core.package_identification[0m [1;30mLevel 1[0m _identify(integrations/zhimi) by extension 'ros'
[2.708s] [34mcolcon.colcon_core.package_identification[0m [1;30mLevel 1[0m _identify(integrations/zhimi) by extensions ['cmake', 'python']
[2.709s] [34mcolcon.colcon_core.package_identification[0m [1;30mLevel 1[0m _identify(integrations/zhimi) by extension 'cmake'
[2.710s] [34mcolcon.colcon_core.package_identification[0m [1;30mLevel 1[0m _identify(integrations/zhimi) by extension 'python'
[2.710s] [34mcolcon.colcon_core.package_identification[0m [1;30mLevel 1[0m _identify(integrations/zhimi) by extensions ['python_setup_py']
[2.710s] [34mcolcon.colcon_core.package_identification[0m [1;30mLevel 1[0m _identify(integrations/zhimi) by extension 'python_setup_py'
[2.711s] [34mcolcon.colcon_core.package_identification[0m [1;30mLevel 1[0m _identify(integrations/zhimi/__pycache__) by extensions ['ignore', 'ignore_ament_install']
[2.712s] [34mcolcon.colcon_core.package_identification[0m [1;30mLevel 1[0m _identify(integrations/zhimi/__pycache__) by extension 'ignore'
[2.712s] [34mcolcon.colcon_core.package_identification[0m [1;30mLevel 1[0m _identify(integrations/zhimi/__pycache__) by extension 'ignore_ament_install'
[2.712s] [34mcolcon.colcon_core.package_identification[0m [1;30mLevel 1[0m _identify(integrations/zhimi/__pycache__) by extensions ['colcon_pkg']
[2.712s] [34mcolcon.colcon_core.package_identification[0m [1;30mLevel 1[0m _identify(integrations/zhimi/__pycache__) by extension 'colcon_pkg'
[2.712s] [34mcolcon.colcon_core.package_identification[0m [1;30mLevel 1[0m _identify(integrations/zhimi/__pycache__) by extensions ['colcon_meta']
[2.712s] [34mcolcon.colcon_core.package_identification[0m [1;30mLevel 1[0m _identify(integrations/zhimi/__pycache__) by extension 'colcon_meta'
[2.713s] [34mcolcon.colcon_core.package_identification[0m [1;30mLevel 1[0m _identify(integrations/zhimi/__pycache__) by extensions ['ros']
[2.713s] [34mcolcon.colcon_core.package_identification[0m [1;30mLevel 1[0m _identify(integrations/zhimi/__pycache__) by extension 'ros'
[2.713s] [34mcolcon.colcon_core.package_identification[0m [1;30mLevel 1[0m _identify(integrations/zhimi/__pycache__) by extensions ['cmake', 'python']
[2.713s] [34mcolcon.colcon_core.package_identification[0m [1;30mLevel 1[0m _identify(integrations/zhimi/__pycache__) by extension 'cmake'
[2.714s] [34mcolcon.colcon_core.package_identification[0m [1;30mLevel 1[0m _identify(integrations/zhimi/__pycache__) by extension 'python'
[2.714s] [34mcolcon.colcon_core.package_identification[0m [1;30mLevel 1[0m _identify(integrations/zhimi/__pycache__) by extensions ['python_setup_py']
[2.714s] [34mcolcon.colcon_core.package_identification[0m [1;30mLevel 1[0m _identify(integrations/zhimi/__pycache__) by extension 'python_setup_py'
[2.715s] [34mcolcon.colcon_core.package_identification[0m [1;30mLevel 1[0m _identify(integrations/zhimi/airpurifier) by extensions ['ignore', 'ignore_ament_install']
[2.715s] [34mcolcon.colcon_core.package_identification[0m [1;30mLevel 1[0m _identify(integrations/zhimi/airpurifier) by extension 'ignore'
[2.716s] [34mcolcon.colcon_core.package_identification[0m [1;30mLevel 1[0m _identify(integrations/zhimi/airpurifier) by extension 'ignore_ament_install'
[2.716s] [34mcolcon.colcon_core.package_identification[0m [1;30mLevel 1[0m _identify(integrations/zhimi/airpurifier) by extensions ['colcon_pkg']
[2.716s] [34mcolcon.colcon_core.package_identification[0m [1;30mLevel 1[0m _identify(integrations/zhimi/airpurifier) by extension 'colcon_pkg'
[2.716s] [34mcolcon.colcon_core.package_identification[0m [1;30mLevel 1[0m _identify(integrations/zhimi/airpurifier) by extensions ['colcon_meta']
[2.716s] [34mcolcon.colcon_core.package_identification[0m [1;30mLevel 1[0m _identify(integrations/zhimi/airpurifier) by extension 'colcon_meta'
[2.717s] [34mcolcon.colcon_core.package_identification[0m [1;30mLevel 1[0m _identify(integrations/zhimi/airpurifier) by extensions ['ros']
[2.717s] [34mcolcon.colcon_core.package_identification[0m [1;30mLevel 1[0m _identify(integrations/zhimi/airpurifier) by extension 'ros'
[2.717s] [34mcolcon.colcon_core.package_identification[0m [1;30mLevel 1[0m _identify(integrations/zhimi/airpurifier) by extensions ['cmake', 'python']
[2.717s] [34mcolcon.colcon_core.package_identification[0m [1;30mLevel 1[0m _identify(integrations/zhimi/airpurifier) by extension 'cmake'
[2.717s] [34mcolcon.colcon_core.package_identification[0m [1;30mLevel 1[0m _identify(integrations/zhimi/airpurifier) by extension 'python'
[2.718s] [34mcolcon.colcon_core.package_identification[0m [1;30mLevel 1[0m _identify(integrations/zhimi/airpurifier) by extensions ['python_setup_py']
[2.718s] [34mcolcon.colcon_core.package_identification[0m [1;30mLevel 1[0m _identify(integrations/zhimi/airpurifier) by extension 'python_setup_py'
[2.719s] [34mcolcon.colcon_core.package_identification[0m [1;30mLevel 1[0m _identify(integrations/zhimi/airpurifier/__pycache__) by extensions ['ignore', 'ignore_ament_install']
[2.719s] [34mcolcon.colcon_core.package_identification[0m [1;30mLevel 1[0m _identify(integrations/zhimi/airpurifier/__pycache__) by extension 'ignore'
[2.720s] [34mcolcon.colcon_core.package_identification[0m [1;30mLevel 1[0m _identify(integrations/zhimi/airpurifier/__pycache__) by extension 'ignore_ament_install'
[2.720s] [34mcolcon.colcon_core.package_identification[0m [1;30mLevel 1[0m _identify(integrations/zhimi/airpurifier/__pycache__) by extensions ['colcon_pkg']
[2.720s] [34mcolcon.colcon_core.package_identification[0m [1;30mLevel 1[0m _identify(integrations/zhimi/airpurifier/__pycache__) by extension 'colcon_pkg'
[2.720s] [34mcolcon.colcon_core.package_identification[0m [1;30mLevel 1[0m _identify(integrations/zhimi/airpurifier/__pycache__) by extensions ['colcon_meta']
[2.720s] [34mcolcon.colcon_core.package_identification[0m [1;30mLevel 1[0m _identify(integrations/zhimi/airpurifier/__pycache__) by extension 'colcon_meta'
[2.720s] [34mcolcon.colcon_core.package_identification[0m [1;30mLevel 1[0m _identify(integrations/zhimi/airpurifier/__pycache__) by extensions ['ros']
[2.721s] [34mcolcon.colcon_core.package_identification[0m [1;30mLevel 1[0m _identify(integrations/zhimi/airpurifier/__pycache__) by extension 'ros'
[2.722s] [34mcolcon.colcon_core.package_identification[0m [1;30mLevel 1[0m _identify(integrations/zhimi/airpurifier/__pycache__) by extensions ['cmake', 'python']
[2.722s] [34mcolcon.colcon_core.package_identification[0m [1;30mLevel 1[0m _identify(integrations/zhimi/airpurifier/__pycache__) by extension 'cmake'
[2.722s] [34mcolcon.colcon_core.package_identification[0m [1;30mLevel 1[0m _identify(integrations/zhimi/airpurifier/__pycache__) by extension 'python'
[2.722s] [34mcolcon.colcon_core.package_identification[0m [1;30mLevel 1[0m _identify(integrations/zhimi/airpurifier/__pycache__) by extensions ['python_setup_py']
[2.722s] [34mcolcon.colcon_core.package_identification[0m [1;30mLevel 1[0m _identify(integrations/zhimi/airpurifier/__pycache__) by extension 'python_setup_py'
[2.724s] [34mcolcon.colcon_core.package_identification[0m [1;30mLevel 1[0m _identify(integrations/zhimi/airpurifier/tests) by extensions ['ignore', 'ignore_ament_install']
[2.724s] [34mcolcon.colcon_core.package_identification[0m [1;30mLevel 1[0m _identify(integrations/zhimi/airpurifier/tests) by extension 'ignore'
[2.725s] [34mcolcon.colcon_core.package_identification[0m [1;30mLevel 1[0m _identify(integrations/zhimi/airpurifier/tests) by extension 'ignore_ament_install'
[2.725s] [34mcolcon.colcon_core.package_identification[0m [1;30mLevel 1[0m _identify(integrations/zhimi/airpurifier/tests) by extensions ['colcon_pkg']
[2.725s] [34mcolcon.colcon_core.package_identification[0m [1;30mLevel 1[0m _identify(integrations/zhimi/airpurifier/tests) by extension 'colcon_pkg'
[2.725s] [34mcolcon.colcon_core.package_identification[0m [1;30mLevel 1[0m _identify(integrations/zhimi/airpurifier/tests) by extensions ['colcon_meta']
[2.726s] [34mcolcon.colcon_core.package_identification[0m [1;30mLevel 1[0m _identify(integrations/zhimi/airpurifier/tests) by extension 'colcon_meta'
[2.726s] [34mcolcon.colcon_core.package_identification[0m [1;30mLevel 1[0m _identify(integrations/zhimi/airpurifier/tests) by extensions ['ros']
[2.726s] [34mcolcon.colcon_core.package_identification[0m [1;30mLevel 1[0m _identify(integrations/zhimi/airpurifier/tests) by extension 'ros'
[2.726s] [34mcolcon.colcon_core.package_identification[0m [1;30mLevel 1[0m _identify(integrations/zhimi/airpurifier/tests) by extensions ['cmake', 'python']
[2.727s] [34mcolcon.colcon_core.package_identification[0m [1;30mLevel 1[0m _identify(integrations/zhimi/airpurifier/tests) by extension 'cmake'
[2.727s] [34mcolcon.colcon_core.package_identification[0m [1;30mLevel 1[0m _identify(integrations/zhimi/airpurifier/tests) by extension 'python'
[2.727s] [34mcolcon.colcon_core.package_identification[0m [1;30mLevel 1[0m _identify(integrations/zhimi/airpurifier/tests) by extensions ['python_setup_py']
[2.727s] [34mcolcon.colcon_core.package_identification[0m [1;30mLevel 1[0m _identify(integrations/zhimi/airpurifier/tests) by extension 'python_setup_py'
[2.728s] [34mcolcon.colcon_core.package_identification[0m [1;30mLevel 1[0m _identify(integrations/zhimi/fan) by extensions ['ignore', 'ignore_ament_install']
[2.729s] [34mcolcon.colcon_core.package_identification[0m [1;30mLevel 1[0m _identify(integrations/zhimi/fan) by extension 'ignore'
[2.729s] [34mcolcon.colcon_core.package_identification[0m [1;30mLevel 1[0m _identify(integrations/zhimi/fan) by extension 'ignore_ament_install'
[2.729s] [34mcolcon.colcon_core.package_identification[0m [1;30mLevel 1[0m _identify(integrations/zhimi/fan) by extensions ['colcon_pkg']
[2.729s] [34mcolcon.colcon_core.package_identification[0m [1;30mLevel 1[0m _identify(integrations/zhimi/fan) by extension 'colcon_pkg'
[2.730s] [34mcolcon.colcon_core.package_identification[0m [1;30mLevel 1[0m _identify(integrations/zhimi/fan) by extensions ['colcon_meta']
[2.730s] [34mcolcon.colcon_core.package_identification[0m [1;30mLevel 1[0m _identify(integrations/zhimi/fan) by extension 'colcon_meta'
[2.730s] [34mcolcon.colcon_core.package_identification[0m [1;30mLevel 1[0m _identify(integrations/zhimi/fan) by extensions ['ros']
[2.730s] [34mcolcon.colcon_core.package_identification[0m [1;30mLevel 1[0m _identify(integrations/zhimi/fan) by extension 'ros'
[2.730s] [34mcolcon.colcon_core.package_identification[0m [1;30mLevel 1[0m _identify(integrations/zhimi/fan) by extensions ['cmake', 'python']
[2.731s] [34mcolcon.colcon_core.package_identification[0m [1;30mLevel 1[0m _identify(integrations/zhimi/fan) by extension 'cmake'
[2.731s] [34mcolcon.colcon_core.package_identification[0m [1;30mLevel 1[0m _identify(integrations/zhimi/fan) by extension 'python'
[2.731s] [34mcolcon.colcon_core.package_identification[0m [1;30mLevel 1[0m _identify(integrations/zhimi/fan) by extensions ['python_setup_py']
[2.731s] [34mcolcon.colcon_core.package_identification[0m [1;30mLevel 1[0m _identify(integrations/zhimi/fan) by extension 'python_setup_py'
[2.732s] [34mcolcon.colcon_core.package_identification[0m [1;30mLevel 1[0m _identify(integrations/zhimi/fan/__pycache__) by extensions ['ignore', 'ignore_ament_install']
[2.732s] [34mcolcon.colcon_core.package_identification[0m [1;30mLevel 1[0m _identify(integrations/zhimi/fan/__pycache__) by extension 'ignore'
[2.733s] [34mcolcon.colcon_core.package_identification[0m [1;30mLevel 1[0m _identify(integrations/zhimi/fan/__pycache__) by extension 'ignore_ament_install'
[2.733s] [34mcolcon.colcon_core.package_identification[0m [1;30mLevel 1[0m _identify(integrations/zhimi/fan/__pycache__) by extensions ['colcon_pkg']
[2.733s] [34mcolcon.colcon_core.package_identification[0m [1;30mLevel 1[0m _identify(integrations/zhimi/fan/__pycache__) by extension 'colcon_pkg'
[2.733s] [34mcolcon.colcon_core.package_identification[0m [1;30mLevel 1[0m _identify(integrations/zhimi/fan/__pycache__) by extensions ['colcon_meta']
[2.733s] [34mcolcon.colcon_core.package_identification[0m [1;30mLevel 1[0m _identify(integrations/zhimi/fan/__pycache__) by extension 'colcon_meta'
[2.734s] [34mcolcon.colcon_core.package_identification[0m [1;30mLevel 1[0m _identify(integrations/zhimi/fan/__pycache__) by extensions ['ros']
[2.734s] [34mcolcon.colcon_core.package_identification[0m [1;30mLevel 1[0m _identify(integrations/zhimi/fan/__pycache__) by extension 'ros'
[2.734s] [34mcolcon.colcon_core.package_identification[0m [1;30mLevel 1[0m _identify(integrations/zhimi/fan/__pycache__) by extensions ['cmake', 'python']
[2.734s] [34mcolcon.colcon_core.package_identification[0m [1;30mLevel 1[0m _identify(integrations/zhimi/fan/__pycache__) by extension 'cmake'
[2.735s] [34mcolcon.colcon_core.package_identification[0m [1;30mLevel 1[0m _identify(integrations/zhimi/fan/__pycache__) by extension 'python'
[2.735s] [34mcolcon.colcon_core.package_identification[0m [1;30mLevel 1[0m _identify(integrations/zhimi/fan/__pycache__) by extensions ['python_setup_py']
[2.735s] [34mcolcon.colcon_core.package_identification[0m [1;30mLevel 1[0m _identify(integrations/zhimi/fan/__pycache__) by extension 'python_setup_py'
[2.736s] [34mcolcon.colcon_core.package_identification[0m [1;30mLevel 1[0m _identify(integrations/zhimi/heater) by extensions ['ignore', 'ignore_ament_install']
[2.736s] [34mcolcon.colcon_core.package_identification[0m [1;30mLevel 1[0m _identify(integrations/zhimi/heater) by extension 'ignore'
[2.737s] [34mcolcon.colcon_core.package_identification[0m [1;30mLevel 1[0m _identify(integrations/zhimi/heater) by extension 'ignore_ament_install'
[2.737s] [34mcolcon.colcon_core.package_identification[0m [1;30mLevel 1[0m _identify(integrations/zhimi/heater) by extensions ['colcon_pkg']
[2.737s] [34mcolcon.colcon_core.package_identification[0m [1;30mLevel 1[0m _identify(integrations/zhimi/heater) by extension 'colcon_pkg'
[2.737s] [34mcolcon.colcon_core.package_identification[0m [1;30mLevel 1[0m _identify(integrations/zhimi/heater) by extensions ['colcon_meta']
[2.737s] [34mcolcon.colcon_core.package_identification[0m [1;30mLevel 1[0m _identify(integrations/zhimi/heater) by extension 'colcon_meta'
[2.737s] [34mcolcon.colcon_core.package_identification[0m [1;30mLevel 1[0m _identify(integrations/zhimi/heater) by extensions ['ros']
[2.738s] [34mcolcon.colcon_core.package_identification[0m [1;30mLevel 1[0m _identify(integrations/zhimi/heater) by extension 'ros'
[2.738s] [34mcolcon.colcon_core.package_identification[0m [1;30mLevel 1[0m _identify(integrations/zhimi/heater) by extensions ['cmake', 'python']
[2.738s] [34mcolcon.colcon_core.package_identification[0m [1;30mLevel 1[0m _identify(integrations/zhimi/heater) by extension 'cmake'
[2.738s] [34mcolcon.colcon_core.package_identification[0m [1;30mLevel 1[0m _identify(integrations/zhimi/heater) by extension 'python'
[2.739s] [34mcolcon.colcon_core.package_identification[0m [1;30mLevel 1[0m _identify(integrations/zhimi/heater) by extensions ['python_setup_py']
[2.739s] [34mcolcon.colcon_core.package_identification[0m [1;30mLevel 1[0m _identify(integrations/zhimi/heater) by extension 'python_setup_py'
[2.740s] [34mcolcon.colcon_core.package_identification[0m [1;30mLevel 1[0m _identify(integrations/zhimi/heater/__pycache__) by extensions ['ignore', 'ignore_ament_install']
[2.740s] [34mcolcon.colcon_core.package_identification[0m [1;30mLevel 1[0m _identify(integrations/zhimi/heater/__pycache__) by extension 'ignore'
[2.740s] [34mcolcon.colcon_core.package_identification[0m [1;30mLevel 1[0m _identify(integrations/zhimi/heater/__pycache__) by extension 'ignore_ament_install'
[2.741s] [34mcolcon.colcon_core.package_identification[0m [1;30mLevel 1[0m _identify(integrations/zhimi/heater/__pycache__) by extensions ['colcon_pkg']
[2.741s] [34mcolcon.colcon_core.package_identification[0m [1;30mLevel 1[0m _identify(integrations/zhimi/heater/__pycache__) by extension 'colcon_pkg'
[2.741s] [34mcolcon.colcon_core.package_identification[0m [1;30mLevel 1[0m _identify(integrations/zhimi/heater/__pycache__) by extensions ['colcon_meta']
[2.741s] [34mcolcon.colcon_core.package_identification[0m [1;30mLevel 1[0m _identify(integrations/zhimi/heater/__pycache__) by extension 'colcon_meta'
[2.741s] [34mcolcon.colcon_core.package_identification[0m [1;30mLevel 1[0m _identify(integrations/zhimi/heater/__pycache__) by extensions ['ros']
[2.741s] [34mcolcon.colcon_core.package_identification[0m [1;30mLevel 1[0m _identify(integrations/zhimi/heater/__pycache__) by extension 'ros'
[2.742s] [34mcolcon.colcon_core.package_identification[0m [1;30mLevel 1[0m _identify(integrations/zhimi/heater/__pycache__) by extensions ['cmake', 'python']
[2.742s] [34mcolcon.colcon_core.package_identification[0m [1;30mLevel 1[0m _identify(integrations/zhimi/heater/__pycache__) by extension 'cmake'
[2.742s] [34mcolcon.colcon_core.package_identification[0m [1;30mLevel 1[0m _identify(integrations/zhimi/heater/__pycache__) by extension 'python'
[2.742s] [34mcolcon.colcon_core.package_identification[0m [1;30mLevel 1[0m _identify(integrations/zhimi/heater/__pycache__) by extensions ['python_setup_py']
[2.743s] [34mcolcon.colcon_core.package_identification[0m [1;30mLevel 1[0m _identify(integrations/zhimi/heater/__pycache__) by extension 'python_setup_py'
[2.744s] [34mcolcon.colcon_core.package_identification[0m [1;30mLevel 1[0m _identify(integrations/zhimi/humidifier) by extensions ['ignore', 'ignore_ament_install']
[2.744s] [34mcolcon.colcon_core.package_identification[0m [1;30mLevel 1[0m _identify(integrations/zhimi/humidifier) by extension 'ignore'
[2.744s] [34mcolcon.colcon_core.package_identification[0m [1;30mLevel 1[0m _identify(integrations/zhimi/humidifier) by extension 'ignore_ament_install'
[2.745s] [34mcolcon.colcon_core.package_identification[0m [1;30mLevel 1[0m _identify(integrations/zhimi/humidifier) by extensions ['colcon_pkg']
[2.745s] [34mcolcon.colcon_core.package_identification[0m [1;30mLevel 1[0m _identify(integrations/zhimi/humidifier) by extension 'colcon_pkg'
[2.745s] [34mcolcon.colcon_core.package_identification[0m [1;30mLevel 1[0m _identify(integrations/zhimi/humidifier) by extensions ['colcon_meta']
[2.745s] [34mcolcon.colcon_core.package_identification[0m [1;30mLevel 1[0m _identify(integrations/zhimi/humidifier) by extension 'colcon_meta'
[2.745s] [34mcolcon.colcon_core.package_identification[0m [1;30mLevel 1[0m _identify(integrations/zhimi/humidifier) by extensions ['ros']
[2.745s] [34mcolcon.colcon_core.package_identification[0m [1;30mLevel 1[0m _identify(integrations/zhimi/humidifier) by extension 'ros'
[2.746s] [34mcolcon.colcon_core.package_identification[0m [1;30mLevel 1[0m _identify(integrations/zhimi/humidifier) by extensions ['cmake', 'python']
[2.746s] [34mcolcon.colcon_core.package_identification[0m [1;30mLevel 1[0m _identify(integrations/zhimi/humidifier) by extension 'cmake'
[2.746s] [34mcolcon.colcon_core.package_identification[0m [1;30mLevel 1[0m _identify(integrations/zhimi/humidifier) by extension 'python'
[2.746s] [34mcolcon.colcon_core.package_identification[0m [1;30mLevel 1[0m _identify(integrations/zhimi/humidifier) by extensions ['python_setup_py']
[2.746s] [34mcolcon.colcon_core.package_identification[0m [1;30mLevel 1[0m _identify(integrations/zhimi/humidifier) by extension 'python_setup_py'
[2.748s] [34mcolcon.colcon_core.package_identification[0m [1;30mLevel 1[0m _identify(integrations/zhimi/humidifier/__pycache__) by extensions ['ignore', 'ignore_ament_install']
[2.748s] [34mcolcon.colcon_core.package_identification[0m [1;30mLevel 1[0m _identify(integrations/zhimi/humidifier/__pycache__) by extension 'ignore'
[2.748s] [34mcolcon.colcon_core.package_identification[0m [1;30mLevel 1[0m _identify(integrations/zhimi/humidifier/__pycache__) by extension 'ignore_ament_install'
[2.748s] [34mcolcon.colcon_core.package_identification[0m [1;30mLevel 1[0m _identify(integrations/zhimi/humidifier/__pycache__) by extensions ['colcon_pkg']
[2.749s] [34mcolcon.colcon_core.package_identification[0m [1;30mLevel 1[0m _identify(integrations/zhimi/humidifier/__pycache__) by extension 'colcon_pkg'
[2.749s] [34mcolcon.colcon_core.package_identification[0m [1;30mLevel 1[0m _identify(integrations/zhimi/humidifier/__pycache__) by extensions ['colcon_meta']
[2.749s] [34mcolcon.colcon_core.package_identification[0m [1;30mLevel 1[0m _identify(integrations/zhimi/humidifier/__pycache__) by extension 'colcon_meta'
[2.749s] [34mcolcon.colcon_core.package_identification[0m [1;30mLevel 1[0m _identify(integrations/zhimi/humidifier/__pycache__) by extensions ['ros']
[2.749s] [34mcolcon.colcon_core.package_identification[0m [1;30mLevel 1[0m _identify(integrations/zhimi/humidifier/__pycache__) by extension 'ros'
[2.750s] [34mcolcon.colcon_core.package_identification[0m [1;30mLevel 1[0m _identify(integrations/zhimi/humidifier/__pycache__) by extensions ['cmake', 'python']
[2.750s] [34mcolcon.colcon_core.package_identification[0m [1;30mLevel 1[0m _identify(integrations/zhimi/humidifier/__pycache__) by extension 'cmake'
[2.750s] [34mcolcon.colcon_core.package_identification[0m [1;30mLevel 1[0m _identify(integrations/zhimi/humidifier/__pycache__) by extension 'python'
[2.750s] [34mcolcon.colcon_core.package_identification[0m [1;30mLevel 1[0m _identify(integrations/zhimi/humidifier/__pycache__) by extensions ['python_setup_py']
[2.750s] [34mcolcon.colcon_core.package_identification[0m [1;30mLevel 1[0m _identify(integrations/zhimi/humidifier/__pycache__) by extension 'python_setup_py'
[2.751s] [34mcolcon.colcon_core.package_identification[0m [1;30mLevel 1[0m _identify(integrations/zhimi/humidifier/tests) by extensions ['ignore', 'ignore_ament_install']
[2.752s] [34mcolcon.colcon_core.package_identification[0m [1;30mLevel 1[0m _identify(integrations/zhimi/humidifier/tests) by extension 'ignore'
[2.752s] [34mcolcon.colcon_core.package_identification[0m [1;30mLevel 1[0m _identify(integrations/zhimi/humidifier/tests) by extension 'ignore_ament_install'
[2.753s] [34mcolcon.colcon_core.package_identification[0m [1;30mLevel 1[0m _identify(integrations/zhimi/humidifier/tests) by extensions ['colcon_pkg']
[2.753s] [34mcolcon.colcon_core.package_identification[0m [1;30mLevel 1[0m _identify(integrations/zhimi/humidifier/tests) by extension 'colcon_pkg'
[2.753s] [34mcolcon.colcon_core.package_identification[0m [1;30mLevel 1[0m _identify(integrations/zhimi/humidifier/tests) by extensions ['colcon_meta']
[2.753s] [34mcolcon.colcon_core.package_identification[0m [1;30mLevel 1[0m _identify(integrations/zhimi/humidifier/tests) by extension 'colcon_meta'
[2.753s] [34mcolcon.colcon_core.package_identification[0m [1;30mLevel 1[0m _identify(integrations/zhimi/humidifier/tests) by extensions ['ros']
[2.753s] [34mcolcon.colcon_core.package_identification[0m [1;30mLevel 1[0m _identify(integrations/zhimi/humidifier/tests) by extension 'ros'
[2.754s] [34mcolcon.colcon_core.package_identification[0m [1;30mLevel 1[0m _identify(integrations/zhimi/humidifier/tests) by extensions ['cmake', 'python']
[2.754s] [34mcolcon.colcon_core.package_identification[0m [1;30mLevel 1[0m _identify(integrations/zhimi/humidifier/tests) by extension 'cmake'
[2.754s] [34mcolcon.colcon_core.package_identification[0m [1;30mLevel 1[0m _identify(integrations/zhimi/humidifier/tests) by extension 'python'
[2.754s] [34mcolcon.colcon_core.package_identification[0m [1;30mLevel 1[0m _identify(integrations/zhimi/humidifier/tests) by extensions ['python_setup_py']
[2.754s] [34mcolcon.colcon_core.package_identification[0m [1;30mLevel 1[0m _identify(integrations/zhimi/humidifier/tests) by extension 'python_setup_py'
[2.756s] [34mcolcon.colcon_core.package_identification[0m [1;30mLevel 1[0m _identify(integrations/zimi) by extensions ['ignore', 'ignore_ament_install']
[2.756s] [34mcolcon.colcon_core.package_identification[0m [1;30mLevel 1[0m _identify(integrations/zimi) by extension 'ignore'
[2.756s] [34mcolcon.colcon_core.package_identification[0m [1;30mLevel 1[0m _identify(integrations/zimi) by extension 'ignore_ament_install'
[2.756s] [34mcolcon.colcon_core.package_identification[0m [1;30mLevel 1[0m _identify(integrations/zimi) by extensions ['colcon_pkg']
[2.757s] [34mcolcon.colcon_core.package_identification[0m [1;30mLevel 1[0m _identify(integrations/zimi) by extension 'colcon_pkg'
[2.757s] [34mcolcon.colcon_core.package_identification[0m [1;30mLevel 1[0m _identify(integrations/zimi) by extensions ['colcon_meta']
[2.757s] [34mcolcon.colcon_core.package_identification[0m [1;30mLevel 1[0m _identify(integrations/zimi) by extension 'colcon_meta'
[2.757s] [34mcolcon.colcon_core.package_identification[0m [1;30mLevel 1[0m _identify(integrations/zimi) by extensions ['ros']
[2.757s] [34mcolcon.colcon_core.package_identification[0m [1;30mLevel 1[0m _identify(integrations/zimi) by extension 'ros'
[2.758s] [34mcolcon.colcon_core.package_identification[0m [1;30mLevel 1[0m _identify(integrations/zimi) by extensions ['cmake', 'python']
[2.758s] [34mcolcon.colcon_core.package_identification[0m [1;30mLevel 1[0m _identify(integrations/zimi) by extension 'cmake'
[2.758s] [34mcolcon.colcon_core.package_identification[0m [1;30mLevel 1[0m _identify(integrations/zimi) by extension 'python'
[2.758s] [34mcolcon.colcon_core.package_identification[0m [1;30mLevel 1[0m _identify(integrations/zimi) by extensions ['python_setup_py']
[2.758s] [34mcolcon.colcon_core.package_identification[0m [1;30mLevel 1[0m _identify(integrations/zimi) by extension 'python_setup_py'
[2.759s] [34mcolcon.colcon_core.package_identification[0m [1;30mLevel 1[0m _identify(integrations/zimi/__pycache__) by extensions ['ignore', 'ignore_ament_install']
[2.760s] [34mcolcon.colcon_core.package_identification[0m [1;30mLevel 1[0m _identify(integrations/zimi/__pycache__) by extension 'ignore'
[2.760s] [34mcolcon.colcon_core.package_identification[0m [1;30mLevel 1[0m _identify(integrations/zimi/__pycache__) by extension 'ignore_ament_install'
[2.760s] [34mcolcon.colcon_core.package_identification[0m [1;30mLevel 1[0m _identify(integrations/zimi/__pycache__) by extensions ['colcon_pkg']
[2.760s] [34mcolcon.colcon_core.package_identification[0m [1;30mLevel 1[0m _identify(integrations/zimi/__pycache__) by extension 'colcon_pkg'
[2.760s] [34mcolcon.colcon_core.package_identification[0m [1;30mLevel 1[0m _identify(integrations/zimi/__pycache__) by extensions ['colcon_meta']
[2.761s] [34mcolcon.colcon_core.package_identification[0m [1;30mLevel 1[0m _identify(integrations/zimi/__pycache__) by extension 'colcon_meta'
[2.761s] [34mcolcon.colcon_core.package_identification[0m [1;30mLevel 1[0m _identify(integrations/zimi/__pycache__) by extensions ['ros']
[2.761s] [34mcolcon.colcon_core.package_identification[0m [1;30mLevel 1[0m _identify(integrations/zimi/__pycache__) by extension 'ros'
[2.761s] [34mcolcon.colcon_core.package_identification[0m [1;30mLevel 1[0m _identify(integrations/zimi/__pycache__) by extensions ['cmake', 'python']
[2.761s] [34mcolcon.colcon_core.package_identification[0m [1;30mLevel 1[0m _identify(integrations/zimi/__pycache__) by extension 'cmake'
[2.762s] [34mcolcon.colcon_core.package_identification[0m [1;30mLevel 1[0m _identify(integrations/zimi/__pycache__) by extension 'python'
[2.762s] [34mcolcon.colcon_core.package_identification[0m [1;30mLevel 1[0m _identify(integrations/zimi/__pycache__) by extensions ['python_setup_py']
[2.762s] [34mcolcon.colcon_core.package_identification[0m [1;30mLevel 1[0m _identify(integrations/zimi/__pycache__) by extension 'python_setup_py'
[2.763s] [34mcolcon.colcon_core.package_identification[0m [1;30mLevel 1[0m _identify(integrations/zimi/clock) by extensions ['ignore', 'ignore_ament_install']
[2.763s] [34mcolcon.colcon_core.package_identification[0m [1;30mLevel 1[0m _identify(integrations/zimi/clock) by extension 'ignore'
[2.764s] [34mcolcon.colcon_core.package_identification[0m [1;30mLevel 1[0m _identify(integrations/zimi/clock) by extension 'ignore_ament_install'
[2.764s] [34mcolcon.colcon_core.package_identification[0m [1;30mLevel 1[0m _identify(integrations/zimi/clock) by extensions ['colcon_pkg']
[2.764s] [34mcolcon.colcon_core.package_identification[0m [1;30mLevel 1[0m _identify(integrations/zimi/clock) by extension 'colcon_pkg'
[2.764s] [34mcolcon.colcon_core.package_identification[0m [1;30mLevel 1[0m _identify(integrations/zimi/clock) by extensions ['colcon_meta']
[2.764s] [34mcolcon.colcon_core.package_identification[0m [1;30mLevel 1[0m _identify(integrations/zimi/clock) by extension 'colcon_meta'
[2.765s] [34mcolcon.colcon_core.package_identification[0m [1;30mLevel 1[0m _identify(integrations/zimi/clock) by extensions ['ros']
[2.765s] [34mcolcon.colcon_core.package_identification[0m [1;30mLevel 1[0m _identify(integrations/zimi/clock) by extension 'ros'
[2.765s] [34mcolcon.colcon_core.package_identification[0m [1;30mLevel 1[0m _identify(integrations/zimi/clock) by extensions ['cmake', 'python']
[2.765s] [34mcolcon.colcon_core.package_identification[0m [1;30mLevel 1[0m _identify(integrations/zimi/clock) by extension 'cmake'
[2.765s] [34mcolcon.colcon_core.package_identification[0m [1;30mLevel 1[0m _identify(integrations/zimi/clock) by extension 'python'
[2.766s] [34mcolcon.colcon_core.package_identification[0m [1;30mLevel 1[0m _identify(integrations/zimi/clock) by extensions ['python_setup_py']
[2.766s] [34mcolcon.colcon_core.package_identification[0m [1;30mLevel 1[0m _identify(integrations/zimi/clock) by extension 'python_setup_py'
[2.767s] [34mcolcon.colcon_core.package_identification[0m [1;30mLevel 1[0m _identify(integrations/zimi/powerstrip) by extensions ['ignore', 'ignore_ament_install']
[2.767s] [34mcolcon.colcon_core.package_identification[0m [1;30mLevel 1[0m _identify(integrations/zimi/powerstrip) by extension 'ignore'
[2.767s] [34mcolcon.colcon_core.package_identification[0m [1;30mLevel 1[0m _identify(integrations/zimi/powerstrip) by extension 'ignore_ament_install'
[2.768s] [34mcolcon.colcon_core.package_identification[0m [1;30mLevel 1[0m _identify(integrations/zimi/powerstrip) by extensions ['colcon_pkg']
[2.768s] [34mcolcon.colcon_core.package_identification[0m [1;30mLevel 1[0m _identify(integrations/zimi/powerstrip) by extension 'colcon_pkg'
[2.768s] [34mcolcon.colcon_core.package_identification[0m [1;30mLevel 1[0m _identify(integrations/zimi/powerstrip) by extensions ['colcon_meta']
[2.768s] [34mcolcon.colcon_core.package_identification[0m [1;30mLevel 1[0m _identify(integrations/zimi/powerstrip) by extension 'colcon_meta'
[2.768s] [34mcolcon.colcon_core.package_identification[0m [1;30mLevel 1[0m _identify(integrations/zimi/powerstrip) by extensions ['ros']
[2.768s] [34mcolcon.colcon_core.package_identification[0m [1;30mLevel 1[0m _identify(integrations/zimi/powerstrip) by extension 'ros'
[2.769s] [34mcolcon.colcon_core.package_identification[0m [1;30mLevel 1[0m _identify(integrations/zimi/powerstrip) by extensions ['cmake', 'python']
[2.769s] [34mcolcon.colcon_core.package_identification[0m [1;30mLevel 1[0m _identify(integrations/zimi/powerstrip) by extension 'cmake'
[2.769s] [34mcolcon.colcon_core.package_identification[0m [1;30mLevel 1[0m _identify(integrations/zimi/powerstrip) by extension 'python'
[2.769s] [34mcolcon.colcon_core.package_identification[0m [1;30mLevel 1[0m _identify(integrations/zimi/powerstrip) by extensions ['python_setup_py']
[2.769s] [34mcolcon.colcon_core.package_identification[0m [1;30mLevel 1[0m _identify(integrations/zimi/powerstrip) by extension 'python_setup_py'
[2.771s] [34mcolcon.colcon_core.package_identification[0m [1;30mLevel 1[0m _identify(integrations/zimi/powerstrip/__pycache__) by extensions ['ignore', 'ignore_ament_install']
[2.771s] [34mcolcon.colcon_core.package_identification[0m [1;30mLevel 1[0m _identify(integrations/zimi/powerstrip/__pycache__) by extension 'ignore'
[2.771s] [34mcolcon.colcon_core.package_identification[0m [1;30mLevel 1[0m _identify(integrations/zimi/powerstrip/__pycache__) by extension 'ignore_ament_install'
[2.772s] [34mcolcon.colcon_core.package_identification[0m [1;30mLevel 1[0m _identify(integrations/zimi/powerstrip/__pycache__) by extensions ['colcon_pkg']
[2.772s] [34mcolcon.colcon_core.package_identification[0m [1;30mLevel 1[0m _identify(integrations/zimi/powerstrip/__pycache__) by extension 'colcon_pkg'
[2.772s] [34mcolcon.colcon_core.package_identification[0m [1;30mLevel 1[0m _identify(integrations/zimi/powerstrip/__pycache__) by extensions ['colcon_meta']
[2.772s] [34mcolcon.colcon_core.package_identification[0m [1;30mLevel 1[0m _identify(integrations/zimi/powerstrip/__pycache__) by extension 'colcon_meta'
[2.773s] [34mcolcon.colcon_core.package_identification[0m [1;30mLevel 1[0m _identify(integrations/zimi/powerstrip/__pycache__) by extensions ['ros']
[2.773s] [34mcolcon.colcon_core.package_identification[0m [1;30mLevel 1[0m _identify(integrations/zimi/powerstrip/__pycache__) by extension 'ros'
[2.773s] [34mcolcon.colcon_core.package_identification[0m [1;30mLevel 1[0m _identify(integrations/zimi/powerstrip/__pycache__) by extensions ['cmake', 'python']
[2.773s] [34mcolcon.colcon_core.package_identification[0m [1;30mLevel 1[0m _identify(integrations/zimi/powerstrip/__pycache__) by extension 'cmake'
[2.773s] [34mcolcon.colcon_core.package_identification[0m [1;30mLevel 1[0m _identify(integrations/zimi/powerstrip/__pycache__) by extension 'python'
[2.774s] [34mcolcon.colcon_core.package_identification[0m [1;30mLevel 1[0m _identify(integrations/zimi/powerstrip/__pycache__) by extensions ['python_setup_py']
[2.774s] [34mcolcon.colcon_core.package_identification[0m [1;30mLevel 1[0m _identify(integrations/zimi/powerstrip/__pycache__) by extension 'python_setup_py'
[2.774s] [34mcolcon.colcon_core.package_identification[0m [1;30mLevel 1[0m _identify(log) by extensions ['ignore', 'ignore_ament_install']
[2.775s] [34mcolcon.colcon_core.package_identification[0m [1;30mLevel 1[0m _identify(log) by extension 'ignore'
[2.775s] [34mcolcon.colcon_core.package_identification[0m [1;30mLevel 1[0m _identify(log) ignored
[2.775s] [34mcolcon.colcon_core.package_identification[0m [1;30mLevel 1[0m _identify(push_server) by extensions ['ignore', 'ignore_ament_install']
[2.776s] [34mcolcon.colcon_core.package_identification[0m [1;30mLevel 1[0m _identify(push_server) by extension 'ignore'
[2.776s] [34mcolcon.colcon_core.package_identification[0m [1;30mLevel 1[0m _identify(push_server) by extension 'ignore_ament_install'
[2.776s] [34mcolcon.colcon_core.package_identification[0m [1;30mLevel 1[0m _identify(push_server) by extensions ['colcon_pkg']
[2.776s] [34mcolcon.colcon_core.package_identification[0m [1;30mLevel 1[0m _identify(push_server) by extension 'colcon_pkg'
[2.776s] [34mcolcon.colcon_core.package_identification[0m [1;30mLevel 1[0m _identify(push_server) by extensions ['colcon_meta']
[2.776s] [34mcolcon.colcon_core.package_identification[0m [1;30mLevel 1[0m _identify(push_server) by extension 'colcon_meta'
[2.777s] [34mcolcon.colcon_core.package_identification[0m [1;30mLevel 1[0m _identify(push_server) by extensions ['ros']
[2.777s] [34mcolcon.colcon_core.package_identification[0m [1;30mLevel 1[0m _identify(push_server) by extension 'ros'
[2.777s] [34mcolcon.colcon_core.package_identification[0m [1;30mLevel 1[0m _identify(push_server) by extensions ['cmake', 'python']
[2.777s] [34mcolcon.colcon_core.package_identification[0m [1;30mLevel 1[0m _identify(push_server) by extension 'cmake'
[2.777s] [34mcolcon.colcon_core.package_identification[0m [1;30mLevel 1[0m _identify(push_server) by extension 'python'
[2.778s] [34mcolcon.colcon_core.package_identification[0m [1;30mLevel 1[0m _identify(push_server) by extensions ['python_setup_py']
[2.778s] [34mcolcon.colcon_core.package_identification[0m [1;30mLevel 1[0m _identify(push_server) by extension 'python_setup_py'
[2.778s] [34mcolcon.colcon_core.package_identification[0m [1;30mLevel 1[0m _identify(push_server/__pycache__) by extensions ['ignore', 'ignore_ament_install']
[2.779s] [34mcolcon.colcon_core.package_identification[0m [1;30mLevel 1[0m _identify(push_server/__pycache__) by extension 'ignore'
[2.779s] [34mcolcon.colcon_core.package_identification[0m [1;30mLevel 1[0m _identify(push_server/__pycache__) by extension 'ignore_ament_install'
[2.779s] [34mcolcon.colcon_core.package_identification[0m [1;30mLevel 1[0m _identify(push_server/__pycache__) by extensions ['colcon_pkg']
[2.779s] [34mcolcon.colcon_core.package_identification[0m [1;30mLevel 1[0m _identify(push_server/__pycache__) by extension 'colcon_pkg'
[2.779s] [34mcolcon.colcon_core.package_identification[0m [1;30mLevel 1[0m _identify(push_server/__pycache__) by extensions ['colcon_meta']
[2.780s] [34mcolcon.colcon_core.package_identification[0m [1;30mLevel 1[0m _identify(push_server/__pycache__) by extension 'colcon_meta'
[2.780s] [34mcolcon.colcon_core.package_identification[0m [1;30mLevel 1[0m _identify(push_server/__pycache__) by extensions ['ros']
[2.780s] [34mcolcon.colcon_core.package_identification[0m [1;30mLevel 1[0m _identify(push_server/__pycache__) by extension 'ros'
[2.780s] [34mcolcon.colcon_core.package_identification[0m [1;30mLevel 1[0m _identify(push_server/__pycache__) by extensions ['cmake', 'python']
[2.780s] [34mcolcon.colcon_core.package_identification[0m [1;30mLevel 1[0m _identify(push_server/__pycache__) by extension 'cmake'
[2.781s] [34mcolcon.colcon_core.package_identification[0m [1;30mLevel 1[0m _identify(push_server/__pycache__) by extension 'python'
[2.781s] [34mcolcon.colcon_core.package_identification[0m [1;30mLevel 1[0m _identify(push_server/__pycache__) by extensions ['python_setup_py']
[2.781s] [34mcolcon.colcon_core.package_identification[0m [1;30mLevel 1[0m _identify(push_server/__pycache__) by extension 'python_setup_py'
[2.782s] [34mcolcon.colcon_core.package_identification[0m [1;30mLevel 1[0m _identify(tests) by extensions ['ignore', 'ignore_ament_install']
[2.783s] [34mcolcon.colcon_core.package_identification[0m [1;30mLevel 1[0m _identify(tests) by extension 'ignore'
[2.783s] [34mcolcon.colcon_core.package_identification[0m [1;30mLevel 1[0m _identify(tests) by extension 'ignore_ament_install'
[2.783s] [34mcolcon.colcon_core.package_identification[0m [1;30mLevel 1[0m _identify(tests) by extensions ['colcon_pkg']
[2.783s] [34mcolcon.colcon_core.package_identification[0m [1;30mLevel 1[0m _identify(tests) by extension 'colcon_pkg'
[2.784s] [34mcolcon.colcon_core.package_identification[0m [1;30mLevel 1[0m _identify(tests) by extensions ['colcon_meta']
[2.784s] [34mcolcon.colcon_core.package_identification[0m [1;30mLevel 1[0m _identify(tests) by extension 'colcon_meta'
[2.784s] [34mcolcon.colcon_core.package_identification[0m [1;30mLevel 1[0m _identify(tests) by extensions ['ros']
[2.784s] [34mcolcon.colcon_core.package_identification[0m [1;30mLevel 1[0m _identify(tests) by extension 'ros'
[2.784s] [34mcolcon.colcon_core.package_identification[0m [1;30mLevel 1[0m _identify(tests) by extensions ['cmake', 'python']
[2.785s] [34mcolcon.colcon_core.package_identification[0m [1;30mLevel 1[0m _identify(tests) by extension 'cmake'
[2.785s] [34mcolcon.colcon_core.package_identification[0m [1;30mLevel 1[0m _identify(tests) by extension 'python'
[2.786s] [34mcolcon.colcon_core.package_identification[0m [1;30mLevel 1[0m _identify(tests) by extensions ['python_setup_py']
[2.786s] [34mcolcon.colcon_core.package_identification[0m [1;30mLevel 1[0m _identify(tests) by extension 'python_setup_py'
[2.787s] [34mcolcon.colcon_core.package_identification[0m [1;30mLevel 1[0m _identify(tests/fixtures) by extensions ['ignore', 'ignore_ament_install']
[2.787s] [34mcolcon.colcon_core.package_identification[0m [1;30mLevel 1[0m _identify(tests/fixtures) by extension 'ignore'
[2.788s] [34mcolcon.colcon_core.package_identification[0m [1;30mLevel 1[0m _identify(tests/fixtures) by extension 'ignore_ament_install'
[2.788s] [34mcolcon.colcon_core.package_identification[0m [1;30mLevel 1[0m _identify(tests/fixtures) by extensions ['colcon_pkg']
[2.788s] [34mcolcon.colcon_core.package_identification[0m [1;30mLevel 1[0m _identify(tests/fixtures) by extension 'colcon_pkg'
[2.788s] [34mcolcon.colcon_core.package_identification[0m [1;30mLevel 1[0m _identify(tests/fixtures) by extensions ['colcon_meta']
[2.788s] [34mcolcon.colcon_core.package_identification[0m [1;30mLevel 1[0m _identify(tests/fixtures) by extension 'colcon_meta'
[2.789s] [34mcolcon.colcon_core.package_identification[0m [1;30mLevel 1[0m _identify(tests/fixtures) by extensions ['ros']
[2.789s] [34mcolcon.colcon_core.package_identification[0m [1;30mLevel 1[0m _identify(tests/fixtures) by extension 'ros'
[2.789s] [34mcolcon.colcon_core.package_identification[0m [1;30mLevel 1[0m _identify(tests/fixtures) by extensions ['cmake', 'python']
[2.789s] [34mcolcon.colcon_core.package_identification[0m [1;30mLevel 1[0m _identify(tests/fixtures) by extension 'cmake'
[2.789s] [34mcolcon.colcon_core.package_identification[0m [1;30mLevel 1[0m _identify(tests/fixtures) by extension 'python'
[2.789s] [34mcolcon.colcon_core.package_identification[0m [1;30mLevel 1[0m _identify(tests/fixtures) by extensions ['python_setup_py']
[2.790s] [34mcolcon.colcon_core.package_identification[0m [1;30mLevel 1[0m _identify(tests/fixtures) by extension 'python_setup_py'
[2.791s] [34mcolcon.colcon_core.package_identification[0m [1;30mLevel 1[0m _identify(tests/fixtures/miot) by extensions ['ignore', 'ignore_ament_install']
[2.791s] [34mcolcon.colcon_core.package_identification[0m [1;30mLevel 1[0m _identify(tests/fixtures/miot) by extension 'ignore'
[2.791s] [34mcolcon.colcon_core.package_identification[0m [1;30mLevel 1[0m _identify(tests/fixtures/miot) by extension 'ignore_ament_install'
[2.792s] [34mcolcon.colcon_core.package_identification[0m [1;30mLevel 1[0m _identify(tests/fixtures/miot) by extensions ['colcon_pkg']
[2.792s] [34mcolcon.colcon_core.package_identification[0m [1;30mLevel 1[0m _identify(tests/fixtures/miot) by extension 'colcon_pkg'
[2.792s] [34mcolcon.colcon_core.package_identification[0m [1;30mLevel 1[0m _identify(tests/fixtures/miot) by extensions ['colcon_meta']
[2.792s] [34mcolcon.colcon_core.package_identification[0m [1;30mLevel 1[0m _identify(tests/fixtures/miot) by extension 'colcon_meta'
[2.792s] [34mcolcon.colcon_core.package_identification[0m [1;30mLevel 1[0m _identify(tests/fixtures/miot) by extensions ['ros']
[2.792s] [34mcolcon.colcon_core.package_identification[0m [1;30mLevel 1[0m _identify(tests/fixtures/miot) by extension 'ros'
[2.793s] [34mcolcon.colcon_core.package_identification[0m [1;30mLevel 1[0m _identify(tests/fixtures/miot) by extensions ['cmake', 'python']
[2.793s] [34mcolcon.colcon_core.package_identification[0m [1;30mLevel 1[0m _identify(tests/fixtures/miot) by extension 'cmake'
[2.793s] [34mcolcon.colcon_core.package_identification[0m [1;30mLevel 1[0m _identify(tests/fixtures/miot) by extension 'python'
[2.793s] [34mcolcon.colcon_core.package_identification[0m [1;30mLevel 1[0m _identify(tests/fixtures/miot) by extensions ['python_setup_py']
[2.793s] [34mcolcon.colcon_core.package_identification[0m [1;30mLevel 1[0m _identify(tests/fixtures/miot) by extension 'python_setup_py'
[2.793s] [34mcolcon.colcon_core.package_discovery[0m [1;30mLevel 1[0m discover_packages(recursive) using defaults
[2.794s] [34mcolcon.colcon_core.package_discovery[0m [1;30mLevel 1[0m discover_packages(ignore) discover
[2.794s] [34mcolcon.colcon_core.package_discovery[0m [1;30mLevel 1[0m discover_packages(ignore) using defaults
[2.794s] [34mcolcon.colcon_core.package_discovery[0m [1;30mLevel 1[0m discover_packages(path) discover
[2.794s] [34mcolcon.colcon_core.package_discovery[0m [1;30mLevel 1[0m discover_packages(path) using defaults
[2.800s] [34mcolcon.colcon_core.package_selection[0m [1;30mWARNING[0m [33mignoring unknown package 'control_node' in --packages-select[0m
[2.880s] [34mcolcon.colcon_core.package_discovery[0m [1;30mLevel 1[0m discover_packages(prefix_path) check parameters
[2.881s] [34mcolcon.colcon_core.package_discovery[0m [1;30mLevel 1[0m discover_packages(prefix_path) discover
[2.898s] [34mcolcon.colcon_installed_package_information.package_discovery[0m [1;30mDEBUG[0m [32mFound 13 installed packages in /home/zgq/install[0m
[2.911s] [34mcolcon.colcon_installed_package_information.package_discovery[0m [1;30mDEBUG[0m [32mFound 336 installed packages in /opt/ros/humble[0m
[2.919s] [34mcolcon.colcon_core.package_discovery[0m [1;30mLevel 1[0m discover_packages(prefix_path) using defaults
[3.255s] [34mcolcon.colcon_core.executor[0m [1;30mINFO[0m Executing jobs using 'parallel' executor
[3.268s] [34mcolcon.colcon_parallel_executor.executor.parallel[0m [1;30mDEBUG[0m [32mrun_until_complete[0m
[3.269s] [34mcolcon.colcon_parallel_executor.executor.parallel[0m [1;30mDEBUG[0m [32mclosing loop[0m
[3.270s] [34mcolcon.colcon_parallel_executor.executor.parallel[0m [1;30mDEBUG[0m [32mloop closed[0m
[3.270s] [34mcolcon.colcon_parallel_executor.executor.parallel[0m [1;30mDEBUG[0m [32mrun_until_complete finished with '0'[0m
[3.270s] [34mcolcon.colcon_core.event_reactor[0m [1;30mDEBUG[0m [32mjoining thread[0m
[3.305s] [34mcolcon.colcon_core.plugin_system[0m [1;30mINFO[0m Skipping extension 'colcon_notification.desktop_notification.terminal_notifier': Not used on non-Darwin systems
[3.306s] [34mcolcon.colcon_core.plugin_system[0m [1;30mINFO[0m Skipping extension 'colcon_notification.desktop_notification.win32': Not used on non-Windows systems
[3.306s] [34mcolcon.colcon_notification.desktop_notification[0m [1;30mINFO[0m Sending desktop notification using 'notify2'
[3.361s] [34mcolcon.colcon_core.event_reactor[0m [1;30mDEBUG[0m [32mjoined thread[0m
[3.386s] [34mcolcon.colcon_core.plugin_system[0m [1;30mINFO[0m Skipping extension 'colcon_core.shell.bat': Not used on non-Windows systems
[3.387s] [34mcolcon.colcon_core.shell[0m [1;30mINFO[0m Creating prefix script '/home/zgq/src/control_node/control_node/miio/install/local_setup.ps1'
[3.391s] [34mcolcon.colcon_core.shell[0m [1;30mINFO[0m Creating prefix util module '/home/zgq/src/control_node/control_node/miio/install/_local_setup_util_ps1.py'
[3.396s] [34mcolcon.colcon_core.shell[0m [1;30mINFO[0m Creating prefix chain script '/home/zgq/src/control_node/control_node/miio/install/setup.ps1'
[3.408s] [34mcolcon.colcon_core.shell[0m [1;30mINFO[0m Creating prefix script '/home/zgq/src/control_node/control_node/miio/install/local_setup.sh'
[3.412s] [34mcolcon.colcon_core.shell[0m [1;30mINFO[0m Creating prefix util module '/home/zgq/src/control_node/control_node/miio/install/_local_setup_util_sh.py'
[3.414s] [34mcolcon.colcon_core.shell[0m [1;30mINFO[0m Creating prefix chain script '/home/zgq/src/control_node/control_node/miio/install/setup.sh'
[3.427s] [34mcolcon.colcon_core.shell[0m [1;30mINFO[0m Creating prefix script '/home/zgq/src/control_node/control_node/miio/install/local_setup.bash'
[3.429s] [34mcolcon.colcon_core.shell[0m [1;30mINFO[0m Creating prefix chain script '/home/zgq/src/control_node/control_node/miio/install/setup.bash'
[3.441s] [34mcolcon.colcon_core.shell[0m [1;30mINFO[0m Creating prefix script '/home/zgq/src/control_node/control_node/miio/install/local_setup.zsh'
[3.443s] [34mcolcon.colcon_core.shell[0m [1;30mINFO[0m Creating prefix chain script '/home/zgq/src/control_node/control_node/miio/install/setup.zsh'
